Numero billet;Commande;Reservation;Date reservation;Heure reservation;Cle spectacle;Spectacle;Cle representation;Representation;Date representation;Heure representation;Date fin representation;Heure fin representation;Prix;Date acces;Heure acces;Tarif;Type de client;Type de produit;Serie;Etage;Filiere de vente;Nom;Prenom;Email;Adresse;Code postal;Pays;Age;Sexe
1400222;;843989;0004-06-15;;476;FEMME NON-REEDUCABLE;3191;FEMME NON-REEDUCABLE;0010-10-14;2000-01-01 20:00:00 UTC;0010-10-14;2000-01-01 22:00:00 UTC;27.0;0010-10-14;2000-01-01 19:49:11 UTC;Abonnement mouettes;0;Abonnement;1er Serie;CORBEILLE;GUICHET;KEBIR;Fran?_ois-Jean;Fran?_ois-Jean.KEBIR@mail.fr;7 rue des Acinonyx jubatus;69110;France;57;
1400223;;843990;0004-06-15;;477;G??n??rale Publique Fever;3204;G??n??rale Publique Fever;0005-11-14;2000-01-01 20:00:00 UTC;0005-11-14;2000-01-01 21:30:00 UTC;27.0;0005-11-14;2000-01-01 19:52:17 UTC;Abonnement mouettes;0;Abonnement;1er Serie;CORBEILLE;GUICHET;KEBIR;Fran?_ois-Jean;Fran?_ois-Jean.KEBIR@mail.fr;7 rue des Acinonyx jubatus;69110;France;57;
1400225;;843991;0004-06-15;;479;L&#39;HISTOIRE TERRIBLE... 2e EPOQUE;3218;L&#39;HISTOIRE TERRIBLE... 2e EPOQUE;0028-11-14;2000-01-01 20:00:00 UTC;0028-11-14;2000-01-01 23:30:00 UTC;27.0;0028-11-14;2000-01-01 19:52:07 UTC;Abonnement mouettes;0;Abonnement;1er Serie;CORBEILLE;GUICHET;KEBIR;Fran?_ois-Jean;Fran?_ois-Jean.KEBIR@mail.fr;7 rue des Acinonyx jubatus;69110;France;57;
1400228;;843992;0004-06-15;;482;LE ROI LEAR;3257;LE ROI LEAR;0014-01-15;2000-01-01 20:00:00 UTC;0014-01-15;2000-01-01 21:40:00 UTC;27.0;0014-01-15;2000-01-01 19:57:08 UTC;Abonnement mouettes;0;Abonnement;1er Serie;ORCHESTRE;GUICHET;KEBIR;Fran?_ois-Jean;Fran?_ois-Jean.KEBIR@mail.fr;7 rue des Acinonyx jubatus;69110;France;57;
1400229;;843986;0004-06-15;;483;JE SUIS;3268;JE SUIS;0016-01-15;2000-01-01 20:00:00 UTC;0016-01-15;2000-01-01 21:30:00 UTC;15.0;;;Abonnement mouettes;0;Abonnement;Serie unique;;GUICHET;KEBIR;Fran?_ois-Jean;Fran?_ois-Jean.KEBIR@mail.fr;7 rue des Acinonyx jubatus;69110;France;57;
1400231;;843994;0004-06-15;;499;HATE RADIO;3393;HATE RADIO;0023-01-15;2000-01-01 20:30:00 UTC;0023-01-15;2000-01-01 22:00:00 UTC;31.0;;;Abonnement mouettes;0;Abonnement;Serie unique;PARTERRE;GUICHET;KEBIR;Fran?_ois-Jean;Fran?_ois-Jean.KEBIR@mail.fr;7 rue des Acinonyx jubatus;69110;France;57;
1400233;;843993;0004-06-15;;485;CEUX QUE J&#39;AI RENCONTRE...;3299;CEUX QUE J&#39;AI RENCONTRE...;0006-02-15;2000-01-01 20:00:00 UTC;0006-02-15;2000-01-01 23:30:00 UTC;27.0;0006-02-15;2000-01-01 19:58:19 UTC;Abonnement mouettes;0;Abonnement;1er Serie;ORCHESTRE;GUICHET;KEBIR;Fran?_ois-Jean;Fran?_ois-Jean.KEBIR@mail.fr;7 rue des Acinonyx jubatus;69110;France;57;
1400235;;843987;0004-06-15;;490;LEBEN DES GALILEI;3329;LEBEN DES GALILEI;0020-03-15;2000-01-01 20:00:00 UTC;0020-03-15;2000-01-01 22:00:00 UTC;27.0;0020-03-15;2000-01-01 19:54:27 UTC;Abonnement mouettes;0;Abonnement;1er Serie;CORBEILLE;GUICHET;KEBIR;Fran?_ois-Jean;Fran?_ois-Jean.KEBIR@mail.fr;7 rue des Acinonyx jubatus;69110;France;57;
1491869;346789;838354;0002-06-15;;497;QUARTETT;3372;QUARTETT;0002-06-15;2000-01-01 20:00:00 UTC;0002-06-15;2000-01-01 21:00:00 UTC;12.0;;;Tarif Promo -26 ans;0;Place individuelle;1er Serie;ORCHESTRE;DIGITICK;BOUREFIS LHOSTE;MARIKA;MARIKA.BOUREFIS LHOSTE@mail.fr;52 rue Babyrousa babyrusa;69004;France;;
1491870;346789;838354;0002-06-15;;497;QUARTETT;3372;QUARTETT;0002-06-15;2000-01-01 20:00:00 UTC;0002-06-15;2000-01-01 21:00:00 UTC;12.0;;;Tarif Promo -26 ans;0;Place individuelle;1er Serie;ORCHESTRE;DIGITICK;BOUREFIS LHOSTE;MARIKA;MARIKA.BOUREFIS LHOSTE@mail.fr;52 rue Babyrousa babyrusa;69004;France;;
1491871;346792;838375;0002-06-15;;497;QUARTETT;3372;QUARTETT;0002-06-15;2000-01-01 20:00:00 UTC;0002-06-15;2000-01-01 21:00:00 UTC;12.0;;;Tarif Promo -26 ans;0;Place individuelle;1er Serie;CORBEILLE;DIGITICK;SIGRIST;Camilla;Camilla.SIGRIST@mail.fr;145 Av Cacajao calvus;69007;France;;
1491872;346800;838453;0002-06-15;;497;QUARTETT;3376;QUARTETT;0006-06-15;2000-01-01 20:00:00 UTC;0006-06-15;2000-01-01 21:00:00 UTC;12.0;;;Tarif Promo -26 ans;0;Place individuelle;1er Serie;CORBEILLE;DIGITICK;BETHENCOURT;ENRICO;ENRICO.BETHENCOURT@mail.fr;145 Av Cacajao calvus;69007;France;;
1491873;346800;838453;0002-06-15;;497;QUARTETT;3376;QUARTETT;0006-06-15;2000-01-01 20:00:00 UTC;0006-06-15;2000-01-01 21:00:00 UTC;20.0;;;Tarif Internaute;0;Place individuelle;1er Serie;CORBEILLE;DIGITICK;BETHENCOURT;ENRICO;ENRICO.BETHENCOURT@mail.fr;145 Av Cacajao calvus;69007;France;;
1491874;346812;838564;0002-06-15;;497;QUARTETT;3372;QUARTETT;0002-06-15;2000-01-01 20:00:00 UTC;0002-06-15;2000-01-01 21:00:00 UTC;12.0;;;Tarif Promo -26 ans;0;Place individuelle;1er Serie;ORCHESTRE;DIGITICK;SORLIN;Hacene;Hacene.SORLIN@mail.fr;11 rue Dacelo leachii;70400;France;;
1491875;346812;838564;0002-06-15;;497;QUARTETT;3372;QUARTETT;0002-06-15;2000-01-01 20:00:00 UTC;0002-06-15;2000-01-01 21:00:00 UTC;20.0;;;Tarif Internaute;0;Place individuelle;1er Serie;ORCHESTRE;DIGITICK;SORLIN;Hacene;Hacene.SORLIN@mail.fr;11 rue Dacelo leachii;70400;France;;
1491876;346813;838565;0002-06-15;;498;REPETITION;3377;REPETITION;0009-06-15;2000-01-01 20:00:00 UTC;0009-06-15;2000-01-01 22:00:00 UTC;17.0;0009-06-15;2000-01-01 19:55:12 UTC;Dem Emploi w;0;Place individuelle;2eme Serie;CORBEILLE;DIGITICK;BONNASSSIEUX;ANDREAS;ANDREAS.BONNASSSIEUX@mail.fr;130 Boulevard Damaliscus Korrigum;44100;France;;
1491877;346815;838571;0002-06-15;;497;QUARTETT;3375;QUARTETT;0005-06-15;2000-01-01 20:00:00 UTC;0005-06-15;2000-01-01 21:00:00 UTC;20.0;;;Tarif Internaute;0;Place individuelle;1er Serie;ORCHESTRE;DIGITICK;CHASTAN;MARCO;MARCO.CHASTAN@mail.fr;130 Boulevard Damaliscus Korrigum;44100;France;69;
1491878;346817;838580;0002-06-15;;497;QUARTETT;3375;QUARTETT;0005-06-15;2000-01-01 20:00:00 UTC;0005-06-15;2000-01-01 21:00:00 UTC;20.0;;;Tarif Internaute;0;Place individuelle;1er Serie;CORBEILLE;DIGITICK;CHAREL;SHEILA;SHEILA.CHAREL@mail.fr;130 Boulevard Damaliscus Korrigum;44100;France;;
1491879;346817;838580;0002-06-15;;497;QUARTETT;3375;QUARTETT;0005-06-15;2000-01-01 20:00:00 UTC;0005-06-15;2000-01-01 21:00:00 UTC;20.0;;;Tarif Internaute;0;Place individuelle;1er Serie;CORBEILLE;DIGITICK;CHAREL;SHEILA;SHEILA.CHAREL@mail.fr;130 Boulevard Damaliscus Korrigum;44100;France;;
1491880;346818;838581;0002-06-15;;497;QUARTETT;3372;QUARTETT;0002-06-15;2000-01-01 20:00:00 UTC;0002-06-15;2000-01-01 21:00:00 UTC;20.0;;;Tarif Internaute;0;Place individuelle;1er Serie;ORCHESTRE;DIGITICK;PESSINE;claire;claire.PESSINE@mail.fr;32 avenue Dasyprocta punctata;69007;France;;
1491881;346819;838582;0002-06-15;;497;QUARTETT;3372;QUARTETT;0002-06-15;2000-01-01 20:00:00 UTC;0002-06-15;2000-01-01 21:00:00 UTC;20.0;;;Tarif Internaute;0;Place individuelle;1er Serie;ORCHESTRE;DIGITICK;LACHAUD;Malgorzata;Malgorzata.LACHAUD@mail.fr;32 avenue Dasyprocta punctata;69007;France;;
1491882;346821;838607;0002-06-15;;498;REPETITION;3377;REPETITION;0009-06-15;2000-01-01 20:00:00 UTC;0009-06-15;2000-01-01 22:00:00 UTC;17.0;0009-06-15;2000-01-01 19:54:39 UTC;Dem Emploi w;0;Place individuelle;2eme Serie;CORBEILLE;DIGITICK;LIPSON;Tanja;Tanja.LIPSON@mail.fr;32 avenue Dasyprocta punctata;69007;France;;
1491883;346821;838607;0002-06-15;;498;REPETITION;3377;REPETITION;0009-06-15;2000-01-01 20:00:00 UTC;0009-06-15;2000-01-01 22:00:00 UTC;17.0;0009-06-15;2000-01-01 19:54:39 UTC;Dem Emploi w;0;Place individuelle;2eme Serie;CORBEILLE;DIGITICK;LIPSON;Tanja;Tanja.LIPSON@mail.fr;32 avenue Dasyprocta punctata;69007;France;;
1491884;346824;838626;0002-06-15;;498;REPETITION;3378;REPETITION;0010-06-15;2000-01-01 20:00:00 UTC;0010-06-15;2000-01-01 22:00:00 UTC;17.0;0010-06-15;2000-01-01 19:49:53 UTC;Dem Emploi w;0;Place individuelle;2eme Serie;BALCON;DIGITICK;MINGASSON;Darren;Darren.MINGASSON@mail.fr;32 avenue Dasyprocta punctata;69007;France;;
1491885;346824;838626;0002-06-15;;498;REPETITION;3378;REPETITION;0010-06-15;2000-01-01 20:00:00 UTC;0010-06-15;2000-01-01 22:00:00 UTC;17.0;0010-06-15;2000-01-01 19:49:53 UTC;Dem Emploi w;0;Place individuelle;2eme Serie;BALCON;DIGITICK;MINGASSON;Darren;Darren.MINGASSON@mail.fr;32 avenue Dasyprocta punctata;69007;France;;
1491886;346825;838627;0002-06-15;;497;QUARTETT;3375;QUARTETT;0005-06-15;2000-01-01 20:00:00 UTC;0005-06-15;2000-01-01 21:00:00 UTC;12.0;;;Tarif Promo -26 ans;0;Place individuelle;1er Serie;ORCHESTRE;DIGITICK;COLINDRE;Emma;Emma.COLINDRE@mail.fr;32 avenue Dasyprocta punctata;69007;France;;
1491887;346828;838635;0002-06-15;;497;QUARTETT;3373;QUARTETT;0003-06-15;2000-01-01 20:00:00 UTC;0003-06-15;2000-01-01 21:00:00 UTC;12.0;;;Tarif Promo -26 ans;0;Place individuelle;2eme Serie;BALCON;DIGITICK;LAFARGUE;Marie Claude;Marie Claude.LAFARGUE@mail.fr;32 avenue Dasyprocta punctata;69007;France;;
1491888;346828;838635;0002-06-15;;497;QUARTETT;3373;QUARTETT;0003-06-15;2000-01-01 20:00:00 UTC;0003-06-15;2000-01-01 21:00:00 UTC;12.0;;;Tarif Promo -26 ans;0;Place individuelle;2eme Serie;BALCON;DIGITICK;LAFARGUE;Marie Claude;Marie Claude.LAFARGUE@mail.fr;32 avenue Dasyprocta punctata;69007;France;;
1491889;346829;838636;0002-06-15;;498;REPETITION;3378;REPETITION;0010-06-15;2000-01-01 20:00:00 UTC;0010-06-15;2000-01-01 22:00:00 UTC;17.0;0010-06-15;2000-01-01 19:52:58 UTC;Dem Emploi w;0;Place individuelle;2eme Serie;CORBEILLE;DIGITICK;MANGOT;Tanguy;Tanguy.MANGOT@mail.fr;8 impasse Delphinapterus leucas;69008;France;;
1491890;346829;838636;0002-06-15;;498;REPETITION;3378;REPETITION;0010-06-15;2000-01-01 20:00:00 UTC;0010-06-15;2000-01-01 22:00:00 UTC;17.0;0010-06-15;2000-01-01 19:53:03 UTC;Dem Emploi w;0;Place individuelle;2eme Serie;CORBEILLE;DIGITICK;MANGOT;Tanguy;Tanguy.MANGOT@mail.fr;8 impasse Delphinapterus leucas;69008;France;;
1491891;346833;838668;0002-06-15;;498;REPETITION;3381;REPETITION;0013-06-15;2000-01-01 20:00:00 UTC;0013-06-15;2000-01-01 22:00:00 UTC;23.0;0013-06-15;2000-01-01 19:46:25 UTC;Plein tarif w;0;Place individuelle;3eme Serie;BALCON;DIGITICK;THIEN;Michel-Hubert;Michel-Hubert.THIEN@mail.fr;8 impasse Delphinapterus leucas;69008;France;;
1491892;346833;838668;0002-06-15;;498;REPETITION;3381;REPETITION;0013-06-15;2000-01-01 20:00:00 UTC;0013-06-15;2000-01-01 22:00:00 UTC;23.0;0013-06-15;2000-01-01 19:46:18 UTC;Plein tarif w;0;Place individuelle;3eme Serie;BALCON;DIGITICK;THIEN;Michel-Hubert;Michel-Hubert.THIEN@mail.fr;8 impasse Delphinapterus leucas;69008;France;;
1491893;346837;838687;0002-06-15;;497;QUARTETT;3374;QUARTETT;0004-06-15;2000-01-01 20:00:00 UTC;0004-06-15;2000-01-01 21:00:00 UTC;20.0;;;Tarif Internaute;0;Place individuelle;1er Serie;ORCHESTRE;DIGITICK;SAULNIER;LEO;LEO.SAULNIER@mail.fr;8 impasse Delphinapterus leucas;69008;France;;
1491894;346060;838741;0002-06-15;;555;VILLA + DISCURSO;3721;VILLA + DISCURSO;0006-04-16;2000-01-01 20:30:00 UTC;0006-04-16;2000-01-01 21:30:00 UTC;19.0;;;Carte C??lestins;0;Place individuelle;Serie unique;GRADIN;GUICHET;BROCHU;Steeve;Steeve.BROCHU@mail.fr;8 impasse Delphinapterus leucas;69008;France;50;
1491895;346060;838741;0002-06-15;;555;VILLA + DISCURSO;3721;VILLA + DISCURSO;0006-04-16;2000-01-01 20:30:00 UTC;0006-04-16;2000-01-01 21:30:00 UTC;19.0;;;Carte C??lestins;0;Place individuelle;Serie unique;GRADIN;GUICHET;BROCHU;Steeve;Steeve.BROCHU@mail.fr;8 impasse Delphinapterus leucas;69008;France;50;
1491896;;838742;0002-06-15;;549;COMMENT VOUS RACONTEZ LA PARTIE?;3584;COMMENT VOUS RACONTEZ LA PARTIE?;0011-12-15;2000-01-01 20:00:00 UTC;0011-12-15;2000-01-01 21:30:00 UTC;27.0;;;Abonnement mouettes;0;Abonnement;1er Serie;ORCHESTRE;GUICHET;COLLIN;NICOLA;NICOLA.COLLIN@mail.fr;8 impasse Delphinapterus leucas;69008;France;62;
1491897;;838742;0002-06-15;;549;COMMENT VOUS RACONTEZ LA PARTIE?;3584;COMMENT VOUS RACONTEZ LA PARTIE?;0011-12-15;2000-01-01 20:00:00 UTC;0011-12-15;2000-01-01 21:30:00 UTC;27.0;;;Abonnement mouettes;0;Abonnement;1er Serie;ORCHESTRE;GUICHET;COLLIN;NICOLA;NICOLA.COLLIN@mail.fr;8 impasse Delphinapterus leucas;69008;France;62;
1491898;346814;838567;0002-06-15;;537;Jeux de massacre de Ionesco;3533;Jeux de massacre de Ionesco;0002-10-15;2000-01-01 20:00:00 UTC;0002-10-15;2000-01-01 22:30:00 UTC;22.0;0002-10-15;2000-01-01 19:48:47 UTC;ABO Online;0;Abonnement;2eme Serie;CORBEILLE;DIGITICK;DONOT;ARIA;ARIA.DONOT@mail.fr;55 rue du Harpia harpyja;69002;France;;
1491899;346814;838570;0002-06-15;;545;WAR SWEET WAR;3551;WAR SWEET WAR;0006-11-15;2000-01-01 20:00:00 UTC;0006-11-15;2000-01-01 21:40:00 UTC;27.0;0006-11-15;2000-01-01 19:51:20 UTC;ABO Online;0;Abonnement;1er Serie;ORCHESTRE;DIGITICK;DONOT;ARIA;ARIA.DONOT@mail.fr;55 rue du Harpia harpyja;69002;France;;
1491900;346814;838568;0002-06-15;;543;KISS &amp; CRY;3651;KISS &amp; CRY;0005-02-16;2000-01-01 20:00:00 UTC;0005-02-16;2000-01-01 22:00:00 UTC;22.0;;;ABO Online;0;Abonnement;2eme Serie;CORBEILLE;DIGITICK;DONOT;ARIA;ARIA.DONOT@mail.fr;55 rue du Harpia harpyja;69002;France;;
1491901;346814;838566;0002-06-15;;551;MORT D&#39;UN COMMIS VOYAGEUR;3670;MORT D&#39;UN COMMIS VOYAGEUR;0004-03-16;2000-01-01 20:00:00 UTC;0004-03-16;2000-01-01 22:00:00 UTC;22.0;;;ABO Online;0;Abonnement;2eme Serie;CORBEILLE;DIGITICK;DONOT;ARIA;ARIA.DONOT@mail.fr;55 rue du Harpia harpyja;69002;France;;
1491902;346814;838569;0002-06-15;;556;DISPERSION;3731;DISPERSION;0020-05-16;2000-01-01 19:00:00 UTC;0020-05-16;2000-01-01 23:30:00 UTC;22.0;;;ABO Online;0;Abonnement;2eme Serie;CORBEILLE;DIGITICK;DONOT;ARIA;ARIA.DONOT@mail.fr;55 rue du Harpia harpyja;69002;France;;
1491909;;838744;0002-06-15;;537;Jeux de massacre de Ionesco;3532;Jeux de massacre de Ionesco;0001-10-15;2000-01-01 20:00:00 UTC;0001-10-15;2000-01-01 22:30:00 UTC;27.0;0001-10-15;2000-01-01 19:50:40 UTC;Abonnement mouettes;0;Abonnement;1er Serie;ORCHESTRE;GUICHET;BETTIOL;MARIELLE;MARIELLE.BETTIOL@mail.fr;85 rue Furcifer pardalis;69004;France;81;
1491910;;838744;0002-06-15;;537;Jeux de massacre de Ionesco;3532;Jeux de massacre de Ionesco;0001-10-15;2000-01-01 20:00:00 UTC;0001-10-15;2000-01-01 22:30:00 UTC;27.0;0001-10-15;2000-01-01 19:50:36 UTC;Abonnement mouettes;0;Abonnement;1er Serie;ORCHESTRE;GUICHET;BETTIOL;MARIELLE;MARIELLE.BETTIOL@mail.fr;85 rue Furcifer pardalis;69004;France;81;
1491911;;838747;0002-06-15;;548;DISPLACED WOMEN;3572;DISPLACED WOMEN;0026-11-15;2000-01-01 20:00:00 UTC;0026-11-15;2000-01-01 23:00:00 UTC;27.0;0026-11-15;2000-01-01 19:37:27 UTC;Abonnement mouettes;0;Abonnement;1er Serie;ORCHESTRE;GUICHET;BETTIOL;MARIELLE;MARIELLE.BETTIOL@mail.fr;85 rue Furcifer pardalis;69004;France;81;
1491912;;838747;0002-06-15;;548;DISPLACED WOMEN;3572;DISPLACED WOMEN;0026-11-15;2000-01-01 20:00:00 UTC;0026-11-15;2000-01-01 23:00:00 UTC;27.0;0026-11-15;2000-01-01 19:37:32 UTC;Abonnement mouettes;0;Abonnement;1er Serie;ORCHESTRE;GUICHET;BETTIOL;MARIELLE;MARIELLE.BETTIOL@mail.fr;85 rue Furcifer pardalis;69004;France;81;
1491913;;838758;0002-06-15;;549;COMMENT VOUS RACONTEZ LA PARTIE?;3584;COMMENT VOUS RACONTEZ LA PARTIE?;0011-12-15;2000-01-01 20:00:00 UTC;0011-12-15;2000-01-01 21:30:00 UTC;27.0;;;Abonnement mouettes;0;Abonnement;1er Serie;ORCHESTRE;GUICHET;BETTIOL;MARIELLE;MARIELLE.BETTIOL@mail.fr;85 rue Furcifer pardalis;69004;France;81;
1491914;;838758;0002-06-15;;549;COMMENT VOUS RACONTEZ LA PARTIE?;3584;COMMENT VOUS RACONTEZ LA PARTIE?;0011-12-15;2000-01-01 20:00:00 UTC;0011-12-15;2000-01-01 21:30:00 UTC;27.0;;;Abonnement mouettes;0;Abonnement;1er Serie;ORCHESTRE;GUICHET;BETTIOL;MARIELLE;MARIELLE.BETTIOL@mail.fr;85 rue Furcifer pardalis;69004;France;81;
1491915;;838745;0002-06-15;;538;887;3588;887;0016-12-15;2000-01-01 20:00:00 UTC;0016-12-15;2000-01-01 21:15:00 UTC;27.0;;;Abonnement mouettes;0;Abonnement;1er Serie;ORCHESTRE;GUICHET;BETTIOL;MARIELLE;MARIELLE.BETTIOL@mail.fr;85 rue Furcifer pardalis;69004;France;81;
1491916;;838745;0002-06-15;;538;887;3588;887;0016-12-15;2000-01-01 20:00:00 UTC;0016-12-15;2000-01-01 21:15:00 UTC;27.0;;;Abonnement mouettes;0;Abonnement;1er Serie;ORCHESTRE;GUICHET;BETTIOL;MARIELLE;MARIELLE.BETTIOL@mail.fr;85 rue Furcifer pardalis;69004;France;81;
1491917;;838748;0002-06-15;;552;PLATONOV;3694;PLATONOV;0010-03-16;2000-01-01 20:00:00 UTC;0010-03-16;2000-01-01 22:00:00 UTC;15.0;;;Abonnement mouettes;0;Abonnement;Serie unique;;GUICHET;BETTIOL;MARIELLE;MARIELLE.BETTIOL@mail.fr;85 rue Furcifer pardalis;69004;France;81;
1491918;;838748;0002-06-15;;552;PLATONOV;3694;PLATONOV;0010-03-16;2000-01-01 20:00:00 UTC;0010-03-16;2000-01-01 22:00:00 UTC;15.0;;;Abonnement mouettes;0;Abonnement;Serie unique;;GUICHET;BETTIOL;MARIELLE;MARIELLE.BETTIOL@mail.fr;85 rue Furcifer pardalis;69004;France;81;
1491919;;838743;0002-06-15;;551;MORT D&#39;UN COMMIS VOYAGEUR;3679;MORT D&#39;UN COMMIS VOYAGEUR;0016-03-16;2000-01-01 20:00:00 UTC;0016-03-16;2000-01-01 22:00:00 UTC;27.0;;;Abonnement mouettes;0;Abonnement;1er Serie;ORCHESTRE;GUICHET;BETTIOL;MARIELLE;MARIELLE.BETTIOL@mail.fr;85 rue Furcifer pardalis;69004;France;81;
1491920;;838743;0002-06-15;;551;MORT D&#39;UN COMMIS VOYAGEUR;3679;MORT D&#39;UN COMMIS VOYAGEUR;0016-03-16;2000-01-01 20:00:00 UTC;0016-03-16;2000-01-01 22:00:00 UTC;27.0;;;Abonnement mouettes;0;Abonnement;1er Serie;ORCHESTRE;GUICHET;BETTIOL;MARIELLE;MARIELLE.BETTIOL@mail.fr;85 rue Furcifer pardalis;69004;France;81;
1491921;;838749;0002-06-15;;554;YO MATE A PINOCHET;3714;YO MATE A PINOCHET;0005-04-16;2000-01-01 20:00:00 UTC;0005-04-16;2000-01-01 21:30:00 UTC;27.0;;;Abonnement mouettes;0;Abonnement;1er Serie;ORCHESTRE;GUICHET;BETTIOL;MARIELLE;MARIELLE.BETTIOL@mail.fr;85 rue Furcifer pardalis;69004;France;81;
1491922;;838749;0002-06-15;;554;YO MATE A PINOCHET;3714;YO MATE A PINOCHET;0005-04-16;2000-01-01 20:00:00 UTC;0005-04-16;2000-01-01 21:30:00 UTC;27.0;;;Abonnement mouettes;0;Abonnement;1er Serie;ORCHESTRE;GUICHET;BETTIOL;MARIELLE;MARIELLE.BETTIOL@mail.fr;85 rue Furcifer pardalis;69004;France;81;
1491923;;838769;0002-06-15;;557;ORESTEA;3738;ORESTEA;0001-06-16;2000-01-01 20:00:00 UTC;0001-06-16;2000-01-01 21:30:00 UTC;27.0;;;Abonnement mouettes;0;Abonnement;1er Serie;ORCHESTRE;GUICHET;BETTIOL;MARIELLE;MARIELLE.BETTIOL@mail.fr;85 rue Furcifer pardalis;69004;France;81;
1491924;;838769;0002-06-15;;557;ORESTEA;3738;ORESTEA;0001-06-16;2000-01-01 20:00:00 UTC;0001-06-16;2000-01-01 21:30:00 UTC;27.0;;;Abonnement mouettes;0;Abonnement;1er Serie;ORCHESTRE;GUICHET;BETTIOL;MARIELLE;MARIELLE.BETTIOL@mail.fr;85 rue Furcifer pardalis;69004;France;81;
1491925;;838775;0002-06-15;;537;Jeux de massacre de Ionesco;3532;Jeux de massacre de Ionesco;0001-10-15;2000-01-01 20:00:00 UTC;0001-10-15;2000-01-01 22:30:00 UTC;27.0;0001-10-15;2000-01-01 19:50:42 UTC;Abonnement mouettes;0;Abonnement;1er Serie;ORCHESTRE;GUICHET;DEBLOCK;Vassilii;Vassilii.DEBLOCK@mail.fr;85 rue Furcifer pardalis;69004;France;81;
1491926;;838777;0002-06-15;;548;DISPLACED WOMEN;3572;DISPLACED WOMEN;0026-11-15;2000-01-01 20:00:00 UTC;0026-11-15;2000-01-01 23:00:00 UTC;27.0;0026-11-15;2000-01-01 19:37:27 UTC;Abonnement mouettes;0;Abonnement;1er Serie;ORCHESTRE;GUICHET;DEBLOCK;Vassilii;Vassilii.DEBLOCK@mail.fr;85 rue Furcifer pardalis;69004;France;81;
1491927;;838778;0002-06-15;;549;COMMENT VOUS RACONTEZ LA PARTIE?;3584;COMMENT VOUS RACONTEZ LA PARTIE?;0011-12-15;2000-01-01 20:00:00 UTC;0011-12-15;2000-01-01 21:30:00 UTC;27.0;;;Abonnement mouettes;0;Abonnement;1er Serie;ORCHESTRE;GUICHET;DEBLOCK;Vassilii;Vassilii.DEBLOCK@mail.fr;85 rue Furcifer pardalis;69004;France;81;
1491928;;838776;0002-06-15;;538;887;3588;887;0016-12-15;2000-01-01 20:00:00 UTC;0016-12-15;2000-01-01 21:15:00 UTC;27.0;;;Abonnement mouettes;0;Abonnement;1er Serie;ORCHESTRE;GUICHET;DEBLOCK;Vassilii;Vassilii.DEBLOCK@mail.fr;85 rue Furcifer pardalis;69004;France;81;
1491929;;838779;0002-06-15;;552;PLATONOV;3694;PLATONOV;0010-03-16;2000-01-01 20:00:00 UTC;0010-03-16;2000-01-01 22:00:00 UTC;15.0;;;Abonnement mouettes;0;Abonnement;Serie unique;;GUICHET;DEBLOCK;Vassilii;Vassilii.DEBLOCK@mail.fr;85 rue Furcifer pardalis;69004;France;81;
1491930;;838774;0002-06-15;;551;MORT D&#39;UN COMMIS VOYAGEUR;3679;MORT D&#39;UN COMMIS VOYAGEUR;0016-03-16;2000-01-01 20:00:00 UTC;0016-03-16;2000-01-01 22:00:00 UTC;27.0;;;Abonnement mouettes;0;Abonnement;1er Serie;ORCHESTRE;GUICHET;DEBLOCK;Vassilii;Vassilii.DEBLOCK@mail.fr;85 rue Furcifer pardalis;69004;France;81;
1491931;;838780;0002-06-15;;554;YO MATE A PINOCHET;3714;YO MATE A PINOCHET;0005-04-16;2000-01-01 20:00:00 UTC;0005-04-16;2000-01-01 21:30:00 UTC;27.0;;;Abonnement mouettes;0;Abonnement;1er Serie;ORCHESTRE;GUICHET;DEBLOCK;Vassilii;Vassilii.DEBLOCK@mail.fr;85 rue Furcifer pardalis;69004;France;81;
1491932;;838781;0002-06-15;;557;ORESTEA;3738;ORESTEA;0001-06-16;2000-01-01 20:00:00 UTC;0001-06-16;2000-01-01 21:30:00 UTC;27.0;;;Abonnement mouettes;0;Abonnement;1er Serie;ORCHESTRE;GUICHET;DEBLOCK;Vassilii;Vassilii.DEBLOCK@mail.fr;85 rue Furcifer pardalis;69004;France;81;
1491933;;838784;0002-06-15;;537;Jeux de massacre de Ionesco;3532;Jeux de massacre de Ionesco;0001-10-15;2000-01-01 20:00:00 UTC;0001-10-15;2000-01-01 22:30:00 UTC;27.0;0001-10-15;2000-01-01 19:50:42 UTC;Abonnement mouettes;0;Abonnement;1er Serie;ORCHESTRE;GUICHET;DEBLOCK;Vassilii;Vassilii.DEBLOCK@mail.fr;85 rue Furcifer pardalis;69004;France;81;
1491934;;838786;0002-06-15;;548;DISPLACED WOMEN;3572;DISPLACED WOMEN;0026-11-15;2000-01-01 20:00:00 UTC;0026-11-15;2000-01-01 23:00:00 UTC;27.0;;;Abonnement mouettes;0;Abonnement;1er Serie;ORCHESTRE;GUICHET;DEBLOCK;Vassilii;Vassilii.DEBLOCK@mail.fr;85 rue Furcifer pardalis;69004;France;81;
1491935;;838787;0002-06-15;;549;COMMENT VOUS RACONTEZ LA PARTIE?;3584;COMMENT VOUS RACONTEZ LA PARTIE?;0011-12-15;2000-01-01 20:00:00 UTC;0011-12-15;2000-01-01 21:30:00 UTC;27.0;;;Abonnement mouettes;0;Abonnement;1er Serie;ORCHESTRE;GUICHET;DEBLOCK;Vassilii;Vassilii.DEBLOCK@mail.fr;85 rue Furcifer pardalis;69004;France;81;
1491936;;838785;0002-06-15;;538;887;3588;887;0016-12-15;2000-01-01 20:00:00 UTC;0016-12-15;2000-01-01 21:15:00 UTC;27.0;;;Abonnement mouettes;0;Abonnement;1er Serie;ORCHESTRE;GUICHET;DEBLOCK;Vassilii;Vassilii.DEBLOCK@mail.fr;85 rue Furcifer pardalis;69004;France;81;
1491937;;838788;0002-06-15;;552;PLATONOV;3694;PLATONOV;0010-03-16;2000-01-01 20:00:00 UTC;0010-03-16;2000-01-01 22:00:00 UTC;15.0;;;Abonnement mouettes;0;Abonnement;Serie unique;;GUICHET;DEBLOCK;Vassilii;Vassilii.DEBLOCK@mail.fr;85 rue Furcifer pardalis;69004;France;81;
1491938;;838783;0002-06-15;;551;MORT D&#39;UN COMMIS VOYAGEUR;3679;MORT D&#39;UN COMMIS VOYAGEUR;0016-03-16;2000-01-01 20:00:00 UTC;0016-03-16;2000-01-01 22:00:00 UTC;27.0;;;Abonnement mouettes;0;Abonnement;1er Serie;ORCHESTRE;GUICHET;DEBLOCK;Vassilii;Vassilii.DEBLOCK@mail.fr;85 rue Furcifer pardalis;69004;France;81;
1491939;;838789;0002-06-15;;554;YO MATE A PINOCHET;3714;YO MATE A PINOCHET;0005-04-16;2000-01-01 20:00:00 UTC;0005-04-16;2000-01-01 21:30:00 UTC;27.0;;;Abonnement mouettes;0;Abonnement;1er Serie;ORCHESTRE;GUICHET;DEBLOCK;Vassilii;Vassilii.DEBLOCK@mail.fr;85 rue Furcifer pardalis;69004;France;81;
1491940;;838790;0002-06-15;;557;ORESTEA;3738;ORESTEA;0001-06-16;2000-01-01 20:00:00 UTC;0001-06-16;2000-01-01 21:30:00 UTC;27.0;;;Abonnement mouettes;0;Abonnement;1er Serie;ORCHESTRE;GUICHET;DEBLOCK;Vassilii;Vassilii.DEBLOCK@mail.fr;85 rue Furcifer pardalis;69004;France;81;
1491941;346848;838795;0002-06-15;;538;887;3589;887;0017-12-15;2000-01-01 20:00:00 UTC;0017-12-15;2000-01-01 21:15:00 UTC;32.0;;;Proches abonn??s;0;Place individuelle;1er Serie;ORCHESTRE;GUICHET;MOISSARD;CLAUDE;CLAUDE.MOISSARD@mail.fr;25 rue des Gyps fulvus;69005;France;66;
1491942;346848;838795;0002-06-15;;538;887;3589;887;0017-12-15;2000-01-01 20:00:00 UTC;0017-12-15;2000-01-01 21:15:00 UTC;32.0;;;Proches abonn??s;0;Place individuelle;1er Serie;ORCHESTRE;GUICHET;MOISSARD;CLAUDE;CLAUDE.MOISSARD@mail.fr;25 rue des Gyps fulvus;69005;France;66;
1491943;;838767;0002-06-15;;549;COMMENT VOUS RACONTEZ LA PARTIE?;3575;COMMENT VOUS RACONTEZ LA PARTIE?;0001-12-15;2000-01-01 20:00:00 UTC;0001-12-15;2000-01-01 21:30:00 UTC;27.0;0001-12-15;2000-01-01 19:52:36 UTC;Abonnement mouettes;0;Abonnement;1er Serie;ORCHESTRE;GUICHET;MOISSARD;CLAUDE;CLAUDE.MOISSARD@mail.fr;25 rue des Gyps fulvus;69005;France;66;
1491944;;838766;0002-06-15;;538;887;3588;887;0016-12-15;2000-01-01 20:00:00 UTC;0016-12-15;2000-01-01 21:15:00 UTC;27.0;;;Abonnement mouettes;0;Abonnement;1er Serie;ORCHESTRE;GUICHET;MOISSARD;CLAUDE;CLAUDE.MOISSARD@mail.fr;25 rue des Gyps fulvus;69005;France;66;
1491945;;838765;0002-06-15;;539;Sauterelles;3605;Sauterelles;0005-01-16;2000-01-01 20:00:00 UTC;0005-01-16;2000-01-01 22:30:00 UTC;27.0;;;Abonnement mouettes;0;Abonnement;1er Serie;ORCHESTRE;GUICHET;MOISSARD;CLAUDE;CLAUDE.MOISSARD@mail.fr;25 rue des Gyps fulvus;69005;France;66;
1491946;;838764;0002-06-15;;551;MORT D&#39;UN COMMIS VOYAGEUR;3667;MORT D&#39;UN COMMIS VOYAGEUR;0001-03-16;2000-01-01 20:00:00 UTC;0001-03-16;2000-01-01 22:00:00 UTC;27.0;;;Abonnement mouettes;0;Abonnement;1er Serie;ORCHESTRE;GUICHET;MOISSARD;CLAUDE;CLAUDE.MOISSARD@mail.fr;25 rue des Gyps fulvus;69005;France;66;
1491947;;838768;0002-06-15;;554;YO MATE A PINOCHET;3708;YO MATE A PINOCHET;0030-03-16;2000-01-01 20:00:00 UTC;0030-03-16;2000-01-01 21:30:00 UTC;27.0;;;Abonnement mouettes;0;Abonnement;1er Serie;ORCHESTRE;GUICHET;MOISSARD;CLAUDE;CLAUDE.MOISSARD@mail.fr;25 rue des Gyps fulvus;69005;France;66;
1491948;;838756;0002-06-15;;549;COMMENT VOUS RACONTEZ LA PARTIE?;3575;COMMENT VOUS RACONTEZ LA PARTIE?;0001-12-15;2000-01-01 20:00:00 UTC;0001-12-15;2000-01-01 21:30:00 UTC;27.0;0001-12-15;2000-01-01 19:52:36 UTC;Abonnement mouettes;0;Abonnement;1er Serie;ORCHESTRE;GUICHET;MOISSARD;CLAUDE;CLAUDE.MOISSARD@mail.fr;25 rue des Gyps fulvus;69005;France;66;
1491949;;838750;0002-06-15;;538;887;3588;887;0016-12-15;2000-01-01 20:00:00 UTC;0016-12-15;2000-01-01 21:15:00 UTC;27.0;;;Abonnement mouettes;0;Abonnement;1er Serie;ORCHESTRE;GUICHET;MOISSARD;CLAUDE;CLAUDE.MOISSARD@mail.fr;25 rue des Gyps fulvus;69005;France;66;
1491950;;838754;0002-06-15;;539;Sauterelles;3605;Sauterelles;0005-01-16;2000-01-01 20:00:00 UTC;0005-01-16;2000-01-01 22:30:00 UTC;27.0;;;Abonnement mouettes;0;Abonnement;1er Serie;ORCHESTRE;GUICHET;MOISSARD;CLAUDE;CLAUDE.MOISSARD@mail.fr;25 rue des Gyps fulvus;69005;France;66;
1491951;;838746;0002-06-15;;551;MORT D&#39;UN COMMIS VOYAGEUR;3667;MORT D&#39;UN COMMIS VOYAGEUR;0001-03-16;2000-01-01 20:00:00 UTC;0001-03-16;2000-01-01 22:00:00 UTC;27.0;;;Abonnement mouettes;0;Abonnement;1er Serie;ORCHESTRE;GUICHET;MOISSARD;CLAUDE;CLAUDE.MOISSARD@mail.fr;25 rue des Gyps fulvus;69005;France;66;
1491952;;838761;0002-06-15;;554;YO MATE A PINOCHET;3708;YO MATE A PINOCHET;0030-03-16;2000-01-01 20:00:00 UTC;0030-03-16;2000-01-01 21:30:00 UTC;27.0;;;Abonnement mouettes;0;Abonnement;1er Serie;ORCHESTRE;GUICHET;MOISSARD;CLAUDE;CLAUDE.MOISSARD@mail.fr;25 rue des Gyps fulvus;69005;France;66;
1491953;;838791;0002-06-15;;568;LA REINE DU CRIME;3768;LA REINE DU CRIME;0009-10-15;2000-01-01 20:00:00 UTC;0009-10-15;2000-01-01 21:30:00 UTC;27.0;0009-10-15;2000-01-01 19:49:52 UTC;Abonnement mouettes;0;Abonnement;1er Serie;ORCHESTRE;GUICHET;CZERWIEC;Th??odore et Christel;Th??odore et Christel.CZERWIEC@mail.fr;5 rue Larus argentatus;69003;France;51;
1491954;;838791;0002-06-15;;568;LA REINE DU CRIME;3768;LA REINE DU CRIME;0009-10-15;2000-01-01 20:00:00 UTC;0009-10-15;2000-01-01 21:30:00 UTC;27.0;0009-10-15;2000-01-01 19:49:52 UTC;Abonnement mouettes;0;Abonnement;1er Serie;ORCHESTRE;GUICHET;CZERWIEC;Th??odore et Christel;Th??odore et Christel.CZERWIEC@mail.fr;5 rue Larus argentatus;69003;France;51;
1491955;;838803;0002-06-15;;545;WAR SWEET WAR;3552;WAR SWEET WAR;0007-11-15;2000-01-01 20:00:00 UTC;0007-11-15;2000-01-01 21:40:00 UTC;27.0;0007-11-15;2000-01-01 19:44:37 UTC;Abonnement mouettes;0;Abonnement;1er Serie;ORCHESTRE;GUICHET;CZERWIEC;Th??odore et Christel;Th??odore et Christel.CZERWIEC@mail.fr;5 rue Larus argentatus;69003;France;51;
1491956;;838803;0002-06-15;;545;WAR SWEET WAR;3552;WAR SWEET WAR;0007-11-15;2000-01-01 20:00:00 UTC;0007-11-15;2000-01-01 21:40:00 UTC;27.0;0007-11-15;2000-01-01 19:44:37 UTC;Abonnement mouettes;0;Abonnement;1er Serie;ORCHESTRE;GUICHET;CZERWIEC;Th??odore et Christel;Th??odore et Christel.CZERWIEC@mail.fr;5 rue Larus argentatus;69003;France;51;
1491957;;838805;0002-06-15;;546;DREAMSPELL;3553;DREAMSPELL;0013-11-15;2000-01-01 20:00:00 UTC;0013-11-15;2000-01-01 22:00:00 UTC;27.0;0013-11-15;2000-01-01 19:47:01 UTC;Abonnement mouettes;0;Abonnement;1er Serie;ORCHESTRE;GUICHET;CZERWIEC;Th??odore et Christel;Th??odore et Christel.CZERWIEC@mail.fr;5 rue Larus argentatus;69003;France;51;
1491958;;838805;0002-06-15;;546;DREAMSPELL;3553;DREAMSPELL;0013-11-15;2000-01-01 20:00:00 UTC;0013-11-15;2000-01-01 22:00:00 UTC;27.0;0013-11-15;2000-01-01 19:47:01 UTC;Abonnement mouettes;0;Abonnement;1er Serie;ORCHESTRE;GUICHET;CZERWIEC;Th??odore et Christel;Th??odore et Christel.CZERWIEC@mail.fr;5 rue Larus argentatus;69003;France;51;
1491959;;838810;0002-06-15;;549;COMMENT VOUS RACONTEZ LA PARTIE?;3584;COMMENT VOUS RACONTEZ LA PARTIE?;0011-12-15;2000-01-01 20:00:00 UTC;0011-12-15;2000-01-01 21:30:00 UTC;27.0;;;Abonnement mouettes;0;Abonnement;1er Serie;CORBEILLE;GUICHET;CZERWIEC;Th??odore et Christel;Th??odore et Christel.CZERWIEC@mail.fr;5 rue Larus argentatus;69003;France;51;
1491960;;838810;0002-06-15;;549;COMMENT VOUS RACONTEZ LA PARTIE?;3584;COMMENT VOUS RACONTEZ LA PARTIE?;0011-12-15;2000-01-01 20:00:00 UTC;0011-12-15;2000-01-01 21:30:00 UTC;27.0;;;Abonnement mouettes;0;Abonnement;1er Serie;CORBEILLE;GUICHET;CZERWIEC;Th??odore et Christel;Th??odore et Christel.CZERWIEC@mail.fr;5 rue Larus argentatus;69003;France;51;
1491961;;838759;0002-06-15;;538;887;3590;887;0018-12-15;2000-01-01 20:00:00 UTC;0018-12-15;2000-01-01 21:15:00 UTC;27.0;;;Abonnement mouettes;0;Abonnement;1er Serie;CORBEILLE;GUICHET;CZERWIEC;Th??odore et Christel;Th??odore et Christel.CZERWIEC@mail.fr;5 rue Larus argentatus;69003;France;51;
1491962;;838759;0002-06-15;;538;887;3590;887;0018-12-15;2000-01-01 20:00:00 UTC;0018-12-15;2000-01-01 21:15:00 UTC;27.0;;;Abonnement mouettes;0;Abonnement;1er Serie;CORBEILLE;GUICHET;CZERWIEC;Th??odore et Christel;Th??odore et Christel.CZERWIEC@mail.fr;5 rue Larus argentatus;69003;France;51;
1491963;;838762;0002-06-15;;539;Sauterelles;3608;Sauterelles;0008-01-16;2000-01-01 20:00:00 UTC;0008-01-16;2000-01-01 22:30:00 UTC;27.0;;;Abonnement mouettes;0;Abonnement;1er Serie;ORCHESTRE;GUICHET;CZERWIEC;Th??odore et Christel;Th??odore et Christel.CZERWIEC@mail.fr;5 rue Larus argentatus;69003;France;51;
1491964;;838762;0002-06-15;;539;Sauterelles;3608;Sauterelles;0008-01-16;2000-01-01 20:00:00 UTC;0008-01-16;2000-01-01 22:30:00 UTC;27.0;;;Abonnement mouettes;0;Abonnement;1er Serie;ORCHESTRE;GUICHET;CZERWIEC;Th??odore et Christel;Th??odore et Christel.CZERWIEC@mail.fr;5 rue Larus argentatus;69003;France;51;
1491965;;838771;0002-06-15;;543;KISS &amp; CRY;3651;KISS &amp; CRY;0005-02-16;2000-01-01 20:00:00 UTC;0005-02-16;2000-01-01 22:00:00 UTC;27.0;;;Abonnement mouettes;0;Abonnement;1er Serie;ORCHESTRE;GUICHET;CZERWIEC;Th??odore et Christel;Th??odore et Christel.CZERWIEC@mail.fr;5 rue Larus argentatus;69003;France;51;[#&lt;Ticket id: 1, ref: 1400222, command: nil, reservation: 843989, resaDate: &quot;0004-06-15&quot;, resaTime: nil, price: 27.0, accessDate: &quot;0010-10-14&quot;, accessTime: &quot;2000-01-01 19:49:11&quot;, tarif: &quot;Abonnement mouettes&quot;, kind: &quot;Abonnement&quot;, serie: &quot;1er Serie&quot;, floor: &quot;CORBEILLE&quot;, sellPoint: &quot;GUICHET&quot;, created_at: &quot;2016-11-07 11:32:04&quot;, updated_at: &quot;2016-11-07 11:32:04&quot;, client_id: 1, representation_id: 1&gt;, #&lt;Ticket id: 2, ref: 1400223, command: nil, reservation: 843990, resaDate: &quot;0004-06-15&quot;, resaTime: nil, price: 27.0, accessDate: &quot;0005-11-14&quot;, accessTime: &quot;2000-01-01 19:52:17&quot;, tarif: &quot;Abonnement mouettes&quot;, kind: &quot;Abonnement&quot;, serie: &quot;1er Serie&quot;, floor: &quot;CORBEILLE&quot;, sellPoint: &quot;GUICHET&quot;, created_at: &quot;2016-11-07 11:32:04&quot;, updated_at: &quot;2016-11-07 11:32:04&quot;, client_id: 1, representation_id: 2&gt;, #&lt;Ticket id: 3, ref: 1400225, command: nil, reservation: 843991, resaDate: &quot;0004-06-15&quot;, resaTime: nil, price: 27.0, accessDate: &quot;0028-11-14&quot;, accessTime: &quot;2000-01-01 19:52:07&quot;, tarif: &quot;Abonnement mouettes&quot;, kind: &quot;Abonnement&quot;, serie: &quot;1er Serie&quot;, floor: &quot;CORBEILLE&quot;, sellPoint: &quot;GUICHET&quot;, created_at: &quot;2016-11-07 11:32:04&quot;, updated_at: &quot;2016-11-07 11:32:04&quot;, client_id: 1, representation_id: 3&gt;, #&lt;Ticket id: 4, ref: 1400228, command: nil, reservation: 843992, resaDate: &quot;0004-06-15&quot;, resaTime: nil, price: 27.0, accessDate: &quot;0014-01-15&quot;, accessTime: &quot;2000-01-01 19:57:08&quot;, tarif: &quot;Abonnement mouettes&quot;, kind: &quot;Abonnement&quot;, serie: &quot;1er Serie&quot;, floor: &quot;ORCHESTRE&quot;, sellPoint: &quot;GUICHET&quot;, created_at: &quot;2016-11-07 11:32:05&quot;, updated_at: &quot;2016-11-07 11:32:05&quot;, client_id: 1, representation_id: 4&gt;, #&lt;Ticket id: 5, ref: 1400229, command: nil, reservation: 843986, resaDate: &quot;0004-06-15&quot;, resaTime: nil, price: 15.0, accessDate: nil, accessTime: nil, tarif: &quot;Abonnement mouettes&quot;, kind: &quot;Abonnement&quot;, serie: &quot;Serie unique&quot;, floor: nil, sellPoint: &quot;GUICHET&quot;, created_at: &quot;2016-11-07 11:32:05&quot;, updated_at: &quot;2016-11-07 11:32:05&quot;, client_id: 1, representation_id: 5&gt;, #&lt;Ticket id: 6, ref: 1400231, command: nil, reservation: 843994, resaDate: &quot;0004-06-15&quot;, resaTime: nil, price: 31.0, accessDate: nil, accessTime: nil, tarif: &quot;Abonnement mouettes&quot;, kind: &quot;Abonnement&quot;, serie: &quot;Serie unique&quot;, floor: &quot;PARTERRE&quot;, sellPoint: &quot;GUICHET&quot;, created_at: &quot;2016-11-07 11:32:05&quot;, updated_at: &quot;2016-11-07 11:32:05&quot;, client_id: 1, representation_id: 6&gt;, #&lt;Ticket id: 7, ref: 1400233, command: nil, reservation: 843993, resaDate: &quot;0004-06-15&quot;, resaTime: nil, price: 27.0, accessDate: &quot;0006-02-15&quot;, accessTime: &quot;2000-01-01 19:58:19&quot;, tarif: &quot;Abonnement mouettes&quot;, kind: &quot;Abonnement&quot;, serie: &quot;1er Serie&quot;, floor: &quot;ORCHESTRE&quot;, sellPoint: &quot;GUICHET&quot;, created_at: &quot;2016-11-07 11:32:06&quot;, updated_at: &quot;2016-11-07 11:32:06&quot;, client_id: 1, representation_id: 7&gt;, #&lt;Ticket id: 8, ref: 1400235, command: nil, reservation: 843987, resaDate: &quot;0004-06-15&quot;, resaTime: nil, price: 27.0, accessDate: &quot;0020-03-15&quot;, accessTime: &quot;2000-01-01 19:54:27&quot;, tarif: &quot;Abonnement mouettes&quot;, kind: &quot;Abonnement&quot;, serie: &quot;1er Serie&quot;, floor: &quot;CORBEILLE&quot;, sellPoint: &quot;GUICHET&quot;, created_at: &quot;2016-11-07 11:32:06&quot;, updated_at: &quot;2016-11-07 11:32:06&quot;, client_id: 1, representation_id: 8&gt;, #&lt;Ticket id: 9, ref: 1491869, command: 346789, reservation: 838354, resaDate: &quot;0002-06-15&quot;, resaTime: nil, price: 12.0, accessDate: nil, accessTime: nil, tarif: &quot;Tarif Promo -26 ans&quot;, kind: &quot;Place individuelle&quot;, serie: &quot;1er Serie&quot;, floor: &quot;ORCHESTRE&quot;, sellPoint: &quot;DIGITICK&quot;, created_at: &quot;2016-11-07 11:32:06&quot;, updated_at: &quot;2016-11-07 11:32:06&quot;, client_id: 2, representation_id: 9&gt;, #&lt;Ticket id: 10, ref: 1491870, command: 346789, reservation: 838354, resaDate: &quot;0002-06-15&quot;, resaTime: nil, price: 12.0, accessDate: nil, accessTime: nil, tarif: &quot;Tarif Promo -26 ans&quot;, kind: &quot;Place individuelle&quot;, serie: &quot;1er Serie&quot;, floor: &quot;ORCHESTRE&quot;, sellPoint: &quot;DIGITICK&quot;, created_at: &quot;2016-11-07 11:32:06&quot;, updated_at: &quot;2016-11-07 11:32:06&quot;, client_id: 2, representation_id: 9&gt;, #&lt;Ticket id: 11, ref: 1491871, command: 346792, reservation: 838375, resaDate: &quot;0002-06-15&quot;, resaTime: nil, price: 12.0, accessDate: nil, accessTime: nil, tarif: &quot;Tarif Promo -26 ans&quot;, kind: &quot;Place individuelle&quot;, serie: &quot;1er Serie&quot;, floor: &quot;CORBEILLE&quot;, sellPoint: &quot;DIGITICK&quot;, created_at: &quot;2016-11-07 11:32:07&quot;, updated_at: &quot;2016-11-07 11:32:07&quot;, client_id: 3, representation_id: 9&gt;, #&lt;Ticket id: 12, ref: 1491872, command: 346800, reservation: 838453, resaDate: &quot;0002-06-15&quot;, resaTime: nil, price: 12.0, accessDate: nil, accessTime: nil, tarif: &quot;Tarif Promo -26 ans&quot;, kind: &quot;Place individuelle&quot;, serie: &quot;1er Serie&quot;, floor: &quot;CORBEILLE&quot;, sellPoint: &quot;DIGITICK&quot;, created_at: &quot;2016-11-07 11:32:07&quot;, updated_at: &quot;2016-11-07 11:32:07&quot;, client_id: 4, representation_id: 10&gt;, #&lt;Ticket id: 13, ref: 1491873, command: 346800, reservation: 838453, resaDate: &quot;0002-06-15&quot;, resaTime: nil, price: 20.0, accessDate: nil, accessTime: nil, tarif: &quot;Tarif Internaute&quot;, kind: &quot;Place individuelle&quot;, serie: &quot;1er Serie&quot;, floor: &quot;CORBEILLE&quot;, sellPoint: &quot;DIGITICK&quot;, created_at: &quot;2016-11-07 11:32:07&quot;, updated_at: &quot;2016-11-07 11:32:07&quot;, client_id: 4, representation_id: 10&gt;, #&lt;Ticket id: 14, ref: 1491874, command: 346812, reservation: 838564, resaDate: &quot;0002-06-15&quot;, resaTime: nil, price: 12.0, accessDate: nil, accessTime: nil, tarif: &quot;Tarif Promo -26 ans&quot;, kind: &quot;Place individuelle&quot;, serie: &quot;1er Serie&quot;, floor: &quot;ORCHESTRE&quot;, sellPoint: &quot;DIGITICK&quot;, created_at: &quot;2016-11-07 11:32:07&quot;, updated_at: &quot;2016-11-07 11:32:07&quot;, client_id: 5, representation_id: 9&gt;, #&lt;Ticket id: 15, ref: 1491875, command: 346812, reservation: 838564, resaDate: &quot;0002-06-15&quot;, resaTime: nil, price: 20.0, accessDate: nil, accessTime: nil, tarif: &quot;Tarif Internaute&quot;, kind: &quot;Place individuelle&quot;, serie: &quot;1er Serie&quot;, floor: &quot;ORCHESTRE&quot;, sellPoint: &quot;DIGITICK&quot;, created_at: &quot;2016-11-07 11:32:07&quot;, updated_at: &quot;2016-11-07 11:32:07&quot;, client_id: 5, representation_id: 9&gt;, #&lt;Ticket id: 16, ref: 1491876, command: 346813, reservation: 838565, resaDate: &quot;0002-06-15&quot;, resaTime: nil, price: 17.0, accessDate: &quot;0009-06-15&quot;, accessTime: &quot;2000-01-01 19:55:12&quot;, tarif: &quot;Dem Emploi w&quot;, kind: &quot;Place individuelle&quot;, serie: &quot;2eme Serie&quot;, floor: &quot;CORBEILLE&quot;, sellPoint: &quot;DIGITICK&quot;, created_at: &quot;2016-11-07 11:32:08&quot;, updated_at: &quot;2016-11-07 11:32:08&quot;, client_id: 6, representation_id: 11&gt;, #&lt;Ticket id: 17, ref: 1491877, command: 346815, reservation: 838571, resaDate: &quot;0002-06-15&quot;, resaTime: nil, price: 20.0, accessDate: nil, accessTime: nil, tarif: &quot;Tarif Internaute&quot;, kind: &quot;Place individuelle&quot;, serie: &quot;1er Serie&quot;, floor: &quot;ORCHESTRE&quot;, sellPoint: &quot;DIGITICK&quot;, created_at: &quot;2016-11-07 11:32:08&quot;, updated_at: &quot;2016-11-07 11:32:08&quot;, client_id: 7, representation_id: 12&gt;, #&lt;Ticket id: 18, ref: 1491878, command: 346817, reservation: 838580, resaDate: &quot;0002-06-15&quot;, resaTime: nil, price: 20.0, accessDate: nil, accessTime: nil, tarif: &quot;Tarif Internaute&quot;, kind: &quot;Place individuelle&quot;, serie: &quot;1er Serie&quot;, floor: &quot;CORBEILLE&quot;, sellPoint: &quot;DIGITICK&quot;, created_at: &quot;2016-11-07 11:32:08&quot;, updated_at: &quot;2016-11-07 11:32:08&quot;, client_id: 8, representation_id: 12&gt;, #&lt;Ticket id: 19, ref: 1491879, command: 346817, reservation: 838580, resaDate: &quot;0002-06-15&quot;, resaTime: nil, price: 20.0, accessDate: nil, accessTime: nil, tarif: &quot;Tarif Internaute&quot;, kind: &quot;Place individuelle&quot;, serie: &quot;1er Serie&quot;, floor: &quot;CORBEILLE&quot;, sellPoint: &quot;DIGITICK&quot;, created_at: &quot;2016-11-07 11:32:08&quot;, updated_at: &quot;2016-11-07 11:32:08&quot;, client_id: 8, representation_id: 12&gt;, #&lt;Ticket id: 20, ref: 1491880, command: 346818, reservation: 838581, resaDate: &quot;0002-06-15&quot;, resaTime: nil, price: 20.0, accessDate: nil, accessTime: nil, tarif: &quot;Tarif Internaute&quot;, kind: &quot;Place individuelle&quot;, serie: &quot;1er Serie&quot;, floor: &quot;ORCHESTRE&quot;, sellPoint: &quot;DIGITICK&quot;, created_at: &quot;2016-11-07 11:32:08&quot;, updated_at: &quot;2016-11-07 11:32:08&quot;, client_id: 9, representation_id: 9&gt;, #&lt;Ticket id: 21, ref: 1491881, command: 346819, reservation: 838582, resaDate: &quot;0002-06-15&quot;, resaTime: nil, price: 20.0, accessDate: nil, accessTime: nil, tarif: &quot;Tarif Internaute&quot;, kind: &quot;Place individuelle&quot;, serie: &quot;1er Serie&quot;, floor: &quot;ORCHESTRE&quot;, sellPoint: &quot;DIGITICK&quot;, created_at: &quot;2016-11-07 11:32:09&quot;, updated_at: &quot;2016-11-07 11:32:09&quot;, client_id: 10, representation_id: 9&gt;, #&lt;Ticket id: 22, ref: 1491882, command: 346821, reservation: 838607, resaDate: &quot;0002-06-15&quot;, resaTime: nil, price: 17.0, accessDate: &quot;0009-06-15&quot;, accessTime: &quot;2000-01-01 19:54:39&quot;, tarif: &quot;Dem Emploi w&quot;, kind: &quot;Place individuelle&quot;, serie: &quot;2eme Serie&quot;, floor: &quot;CORBEILLE&quot;, sellPoint: &quot;DIGITICK&quot;, created_at: &quot;2016-11-07 11:32:09&quot;, updated_at: &quot;2016-11-07 11:32:09&quot;, client_id: 11, representation_id: 11&gt;, #&lt;Ticket id: 23, ref: 1491883, command: 346821, reservation: 838607, resaDate: &quot;0002-06-15&quot;, resaTime: nil, price: 17.0, accessDate: &quot;0009-06-15&quot;, accessTime: &quot;2000-01-01 19:54:39&quot;, tarif: &quot;Dem Emploi w&quot;, kind: &quot;Place individuelle&quot;, serie: &quot;2eme Serie&quot;, floor: &quot;CORBEILLE&quot;, sellPoint: &quot;DIGITICK&quot;, created_at: &quot;2016-11-07 11:32:09&quot;, updated_at: &quot;2016-11-07 11:32:09&quot;, client_id: 11, representation_id: 11&gt;, #&lt;Ticket id: 24, ref: 1491884, command: 346824, reservation: 838626, resaDate: &quot;0002-06-15&quot;, resaTime: nil, price: 17.0, accessDate: &quot;0010-06-15&quot;, accessTime: &quot;2000-01-01 19:49:53&quot;, tarif: &quot;Dem Emploi w&quot;, kind: &quot;Place individuelle&quot;, serie: &quot;2eme Serie&quot;, floor: &quot;BALCON&quot;, sellPoint: &quot;DIGITICK&quot;, created_at: &quot;2016-11-07 11:32:09&quot;, updated_at: &quot;2016-11-07 11:32:09&quot;, client_id: 12, representation_id: 13&gt;, #&lt;Ticket id: 25, ref: 1491885, command: 346824, reservation: 838626, resaDate: &quot;0002-06-15&quot;, resaTime: nil, price: 17.0, accessDate: &quot;0010-06-15&quot;, accessTime: &quot;2000-01-01 19:49:53&quot;, tarif: &quot;Dem Emploi w&quot;, kind: &quot;Place individuelle&quot;, serie: &quot;2eme Serie&quot;, floor: &quot;BALCON&quot;, sellPoint: &quot;DIGITICK&quot;, created_at: &quot;2016-11-07 11:32:10&quot;, updated_at: &quot;2016-11-07 11:32:10&quot;, client_id: 12, representation_id: 13&gt;, #&lt;Ticket id: 26, ref: 1491886, command: 346825, reservation: 838627, resaDate: &quot;0002-06-15&quot;, resaTime: nil, price: 12.0, accessDate: nil, accessTime: nil, tarif: &quot;Tarif Promo -26 ans&quot;, kind: &quot;Place individuelle&quot;, serie: &quot;1er Serie&quot;, floor: &quot;ORCHESTRE&quot;, sellPoint: &quot;DIGITICK&quot;, created_at: &quot;2016-11-07 11:32:10&quot;, updated_at: &quot;2016-11-07 11:32:10&quot;, client_id: 13, representation_id: 12&gt;, #&lt;Ticket id: 27, ref: 1491887, command: 346828, reservation: 838635, resaDate: &quot;0002-06-15&quot;, resaTime: nil, price: 12.0, accessDate: nil, accessTime: nil, tarif: &quot;Tarif Promo -26 ans&quot;, kind: &quot;Place individuelle&quot;, serie: &quot;2eme Serie&quot;, floor: &quot;BALCON&quot;, sellPoint: &quot;DIGITICK&quot;, created_at: &quot;2016-11-07 11:32:10&quot;, updated_at: &quot;2016-11-07 11:32:10&quot;, client_id: 14, representation_id: 14&gt;, #&lt;Ticket id: 28, ref: 1491888, command: 346828, reservation: 838635, resaDate: &quot;0002-06-15&quot;, resaTime: nil, price: 12.0, accessDate: nil, accessTime: nil, tarif: &quot;Tarif Promo -26 ans&quot;, kind: &quot;Place individuelle&quot;, serie: &quot;2eme Serie&quot;, floor: &quot;BALCON&quot;, sellPoint: &quot;DIGITICK&quot;, created_at: &quot;2016-11-07 11:32:10&quot;, updated_at: &quot;2016-11-07 11:32:10&quot;, client_id: 14, representation_id: 14&gt;, #&lt;Ticket id: 29, ref: 1491889, command: 346829, reservation: 838636, resaDate: &quot;0002-06-15&quot;, resaTime: nil, price: 17.0, accessDate: &quot;0010-06-15&quot;, accessTime: &quot;2000-01-01 19:52:58&quot;, tarif: &quot;Dem Emploi w&quot;, kind: &quot;Place individuelle&quot;, serie: &quot;2eme Serie&quot;, floor: &quot;CORBEILLE&quot;, sellPoint: &quot;DIGITICK&quot;, created_at: &quot;2016-11-07 11:32:10&quot;, updated_at: &quot;2016-11-07 11:32:10&quot;, client_id: 15, representation_id: 13&gt;, #&lt;Ticket id: 30, ref: 1491890, command: 346829, reservation: 838636, resaDate: &quot;0002-06-15&quot;, resaTime: nil, price: 17.0, accessDate: &quot;0010-06-15&quot;, accessTime: &quot;2000-01-01 19:53:03&quot;, tarif: &quot;Dem Emploi w&quot;, kind: &quot;Place individuelle&quot;, serie: &quot;2eme Serie&quot;, floor: &quot;CORBEILLE&quot;, sellPoint: &quot;DIGITICK&quot;, created_at: &quot;2016-11-07 11:32:10&quot;, updated_at: &quot;2016-11-07 11:32:10&quot;, client_id: 15, representation_id: 13&gt;, #&lt;Ticket id: 31, ref: 1491891, command: 346833, reservation: 838668, resaDate: &quot;0002-06-15&quot;, resaTime: nil, price: 23.0, accessDate: &quot;0013-06-15&quot;, accessTime: &quot;2000-01-01 19:46:25&quot;, tarif: &quot;Plein tarif w&quot;, kind: &quot;Place individuelle&quot;, serie: &quot;3eme Serie&quot;, floor: &quot;BALCON&quot;, sellPoint: &quot;DIGITICK&quot;, created_at: &quot;2016-11-07 11:32:11&quot;, updated_at: &quot;2016-11-07 11:32:11&quot;, client_id: 16, representation_id: 15&gt;, #&lt;Ticket id: 32, ref: 1491892, command: 346833, reservation: 838668, resaDate: &quot;0002-06-15&quot;, resaTime: nil, price: 23.0, accessDate: &quot;0013-06-15&quot;, accessTime: &quot;2000-01-01 19:46:18&quot;, tarif: &quot;Plein tarif w&quot;, kind: &quot;Place individuelle&quot;, serie: &quot;3eme Serie&quot;, floor: &quot;BALCON&quot;, sellPoint: &quot;DIGITICK&quot;, created_at: &quot;2016-11-07 11:32:11&quot;, updated_at: &quot;2016-11-07 11:32:11&quot;, client_id: 16, representation_id: 15&gt;, #&lt;Ticket id: 33, ref: 1491893, command: 346837, reservation: 838687, resaDate: &quot;0002-06-15&quot;, resaTime: nil, price: 20.0, accessDate: nil, accessTime: nil, tarif: &quot;Tarif Internaute&quot;, kind: &quot;Place individuelle&quot;, serie: &quot;1er Serie&quot;, floor: &quot;ORCHESTRE&quot;, sellPoint: &quot;DIGITICK&quot;, created_at: &quot;2016-11-07 11:32:11&quot;, updated_at: &quot;2016-11-07 11:32:11&quot;, client_id: 17, representation_id: 16&gt;, #&lt;Ticket id: 34, ref: 1491894, command: 346060, reservation: 838741, resaDate: &quot;0002-06-15&quot;, resaTime: nil, price: 19.0, accessDate: nil, accessTime: nil, tarif: &quot;Carte C??lestins&quot;, kind: &quot;Place individuelle&quot;, serie: &quot;Serie unique&quot;, floor: &quot;GRADIN&quot;, sellPoint: &quot;GUICHET&quot;, created_at: &quot;2016-11-07 11:32:12&quot;, updated_at: &quot;2016-11-07 11:32:12&quot;, client_id: 18, representation_id: 17&gt;, #&lt;Ticket id: 35, ref: 1491895, command: 346060, reservation: 838741, resaDate: &quot;0002-06-15&quot;, resaTime: nil, price: 19.0, accessDate: nil, accessTime: nil, tarif: &quot;Carte C??lestins&quot;, kind: &quot;Place individuelle&quot;, serie: &quot;Serie unique&quot;, floor: &quot;GRADIN&quot;, sellPoint: &quot;GUICHET&quot;, created_at: &quot;2016-11-07 11:32:12&quot;, updated_at: &quot;2016-11-07 11:32:12&quot;, client_id: 18, representation_id: 17&gt;, #&lt;Ticket id: 36, ref: 1491896, command: nil, reservation: 838742, resaDate: &quot;0002-06-15&quot;, resaTime: nil, price: 27.0, accessDate: nil, accessTime: nil, tarif: &quot;Abonnement mouettes&quot;, kind: &quot;Abonnement&quot;, serie: &quot;1er Serie&quot;, floor: &quot;ORCHESTRE&quot;, sellPoint: &quot;GUICHET&quot;, created_at: &quot;2016-11-07 11:32:12&quot;, updated_at: &quot;2016-11-07 11:32:12&quot;, client_id: 19, representation_id: 18&gt;, #&lt;Ticket id: 37, ref: 1491897, command: nil, reservation: 838742, resaDate: &quot;0002-06-15&quot;, resaTime: nil, price: 27.0, accessDate: nil, accessTime: nil, tarif: &quot;Abonnement mouettes&quot;, kind: &quot;Abonnement&quot;, serie: &quot;1er Serie&quot;, floor: &quot;ORCHESTRE&quot;, sellPoint: &quot;GUICHET&quot;, created_at: &quot;2016-11-07 11:32:12&quot;, updated_at: &quot;2016-11-07 11:32:12&quot;, client_id: 19, representation_id: 18&gt;, #&lt;Ticket id: 38, ref: 1491898, command: 346814, reservation: 838567, resaDate: &quot;0002-06-15&quot;, resaTime: nil, price: 22.0, accessDate: &quot;0002-10-15&quot;, accessTime: &quot;2000-01-01 19:48:47&quot;, tarif: &quot;ABO Online&quot;, kind: &quot;Abonnement&quot;, serie: &quot;2eme Serie&quot;, floor: &quot;CORBEILLE&quot;, sellPoint: &quot;DIGITICK&quot;, created_at: &quot;2016-11-07 11:32:13&quot;, updated_at: &quot;2016-11-07 11:32:13&quot;, client_id: 20, representation_id: 19&gt;, #&lt;Ticket id: 39, ref: 1491899, command: 346814, reservation: 838570, resaDate: &quot;0002-06-15&quot;, resaTime: nil, price: 27.0, accessDate: &quot;0006-11-15&quot;, accessTime: &quot;2000-01-01 19:51:20&quot;, tarif: &quot;ABO Online&quot;, kind: &quot;Abonnement&quot;, serie: &quot;1er Serie&quot;, floor: &quot;ORCHESTRE&quot;, sellPoint: &quot;DIGITICK&quot;, created_at: &quot;2016-11-07 11:32:13&quot;, updated_at: &quot;2016-11-07 11:32:13&quot;, client_id: 20, representation_id: 20&gt;, #&lt;Ticket id: 40, ref: 1491900, command: 346814, reservation: 838568, resaDate: &quot;0002-06-15&quot;, resaTime: nil, price: 22.0, accessDate: nil, accessTime: nil, tarif: &quot;ABO Online&quot;, kind: &quot;Abonnement&quot;, serie: &quot;2eme Serie&quot;, floor: &quot;CORBEILLE&quot;, sellPoint: &quot;DIGITICK&quot;, created_at: &quot;2016-11-07 11:32:13&quot;, updated_at: &quot;2016-11-07 11:32:13&quot;, client_id: 20, representation_id: 21&gt;, #&lt;Ticket id: 41, ref: 1491901, command: 346814, reservation: 838566, resaDate: &quot;0002-06-15&quot;, resaTime: nil, price: 22.0, accessDate: nil, accessTime: nil, tarif: &quot;ABO Online&quot;, kind: &quot;Abonnement&quot;, serie: &quot;2eme Serie&quot;, floor: &quot;CORBEILLE&quot;, sellPoint: &quot;DIGITICK&quot;, created_at: &quot;2016-11-07 11:32:14&quot;, updated_at: &quot;2016-11-07 11:32:14&quot;, client_id: 20, representation_id: 22&gt;, #&lt;Ticket id: 42, ref: 1491902, command: 346814, reservation: 838569, resaDate: &quot;0002-06-15&quot;, resaTime: nil, price: 22.0, accessDate: nil, accessTime: nil, tarif: &quot;ABO Online&quot;, kind: &quot;Abonnement&quot;, serie: &quot;2eme Serie&quot;, floor: &quot;CORBEILLE&quot;, sellPoint: &quot;DIGITICK&quot;, created_at: &quot;2016-11-07 11:32:14&quot;, updated_at: &quot;2016-11-07 11:32:14&quot;, client_id: 20, representation_id: 23&gt;, #&lt;Ticket id: 43, ref: 1491909, command: nil, reservation: 838744, resaDate: &quot;0002-06-15&quot;, resaTime: nil, price: 27.0, accessDate: &quot;0001-10-15&quot;, accessTime: &quot;2000-01-01 19:50:40&quot;, tarif: &quot;Abonnement mouettes&quot;, kind: &quot;Abonnement&quot;, serie: &quot;1er Serie&quot;, floor: &quot;ORCHESTRE&quot;, sellPoint: &quot;GUICHET&quot;, created_at: &quot;2016-11-07 11:32:14&quot;, updated_at: &quot;2016-11-07 11:32:14&quot;, client_id: 21, representation_id: 24&gt;, #&lt;Ticket id: 44, ref: 1491910, command: nil, reservation: 838744, resaDate: &quot;0002-06-15&quot;, resaTime: nil, price: 27.0, accessDate: &quot;0001-10-15&quot;, accessTime: &quot;2000-01-01 19:50:36&quot;, tarif: &quot;Abonnement mouettes&quot;, kind: &quot;Abonnement&quot;, serie: &quot;1er Serie&quot;, floor: &quot;ORCHESTRE&quot;, sellPoint: &quot;GUICHET&quot;, created_at: &quot;2016-11-07 11:32:14&quot;, updated_at: &quot;2016-11-07 11:32:14&quot;, client_id: 21, representation_id: 24&gt;, #&lt;Ticket id: 45, ref: 1491911, command: nil, reservation: 838747, resaDate: &quot;0002-06-15&quot;, resaTime: nil, price: 27.0, accessDate: &quot;0026-11-15&quot;, accessTime: &quot;2000-01-01 19:37:27&quot;, tarif: &quot;Abonnement mouettes&quot;, kind: &quot;Abonnement&quot;, serie: &quot;1er Serie&quot;, floor: &quot;ORCHESTRE&quot;, sellPoint: &quot;GUICHET&quot;, created_at: &quot;2016-11-07 11:32:15&quot;, updated_at: &quot;2016-11-07 11:32:15&quot;, client_id: 21, representation_id: 25&gt;, #&lt;Ticket id: 46, ref: 1491912, command: nil, reservation: 838747, resaDate: &quot;0002-06-15&quot;, resaTime: nil, price: 27.0, accessDate: &quot;0026-11-15&quot;, accessTime: &quot;2000-01-01 19:37:32&quot;, tarif: &quot;Abonnement mouettes&quot;, kind: &quot;Abonnement&quot;, serie: &quot;1er Serie&quot;, floor: &quot;ORCHESTRE&quot;, sellPoint: &quot;GUICHET&quot;, created_at: &quot;2016-11-07 11:32:15&quot;, updated_at: &quot;2016-11-07 11:32:15&quot;, client_id: 21, representation_id: 25&gt;, #&lt;Ticket id: 47, ref: 1491913, command: nil, reservation: 838758, resaDate: &quot;0002-06-15&quot;, resaTime: nil, price: 27.0, accessDate: nil, accessTime: nil, tarif: &quot;Abonnement mouettes&quot;, kind: &quot;Abonnement&quot;, serie: &quot;1er Serie&quot;, floor: &quot;ORCHESTRE&quot;, sellPoint: &quot;GUICHET&quot;, created_at: &quot;2016-11-07 11:32:15&quot;, updated_at: &quot;2016-11-07 11:32:15&quot;, client_id: 21, representation_id: 18&gt;, #&lt;Ticket id: 48, ref: 1491914, command: nil, reservation: 838758, resaDate: &quot;0002-06-15&quot;, resaTime: nil, price: 27.0, accessDate: nil, accessTime: nil, tarif: &quot;Abonnement mouettes&quot;, kind: &quot;Abonnement&quot;, serie: &quot;1er Serie&quot;, floor: &quot;ORCHESTRE&quot;, sellPoint: &quot;GUICHET&quot;, created_at: &quot;2016-11-07 11:32:15&quot;, updated_at: &quot;2016-11-07 11:32:15&quot;, client_id: 21, representation_id: 18&gt;, #&lt;Ticket id: 49, ref: 1491915, command: nil, reservation: 838745, resaDate: &quot;0002-06-15&quot;, resaTime: nil, price: 27.0, accessDate: nil, accessTime: nil, tarif: &quot;Abonnement mouettes&quot;, kind: &quot;Abonnement&quot;, serie: &quot;1er Serie&quot;, floor: &quot;ORCHESTRE&quot;, sellPoint: &quot;GUICHET&quot;, created_at: &quot;2016-11-07 11:32:15&quot;, updated_at: &quot;2016-11-07 11:32:15&quot;, client_id: 21, representation_id: 26&gt;, #&lt;Ticket id: 50, ref: 1491916, command: nil, reservation: 838745, resaDate: &quot;0002-06-15&quot;, resaTime: nil, price: 27.0, accessDate: nil, accessTime: nil, tarif: &quot;Abonnement mouettes&quot;, kind: &quot;Abonnement&quot;, serie: &quot;1er Serie&quot;, floor: &quot;ORCHESTRE&quot;, sellPoint: &quot;GUICHET&quot;, created_at: &quot;2016-11-07 11:32:15&quot;, updated_at: &quot;2016-11-07 11:32:15&quot;, client_id: 21, representation_id: 26&gt;, #&lt;Ticket id: 51, ref: 1491917, command: nil, reservation: 838748, resaDate: &quot;0002-06-15&quot;, resaTime: nil, price: 15.0, accessDate: nil, accessTime: nil, tarif: &quot;Abonnement mouettes&quot;, kind: &quot;Abonnement&quot;, serie: &quot;Serie unique&quot;, floor: nil, sellPoint: &quot;GUICHET&quot;, created_at: &quot;2016-11-07 11:32:16&quot;, updated_at: &quot;2016-11-07 11:32:16&quot;, client_id: 21, representation_id: 27&gt;, #&lt;Ticket id: 52, ref: 1491918, command: nil, reservation: 838748, resaDate: &quot;0002-06-15&quot;, resaTime: nil, price: 15.0, accessDate: nil, accessTime: nil, tarif: &quot;Abonnement mouettes&quot;, kind: &quot;Abonnement&quot;, serie: &quot;Serie unique&quot;, floor: nil, sellPoint: &quot;GUICHET&quot;, created_at: &quot;2016-11-07 11:32:16&quot;, updated_at: &quot;2016-11-07 11:32:16&quot;, client_id: 21, representation_id: 27&gt;, #&lt;Ticket id: 53, ref: 1491919, command: nil, reservation: 838743, resaDate: &quot;0002-06-15&quot;, resaTime: nil, price: 27.0, accessDate: nil, accessTime: nil, tarif: &quot;Abonnement mouettes&quot;, kind: &quot;Abonnement&quot;, serie: &quot;1er Serie&quot;, floor: &quot;ORCHESTRE&quot;, sellPoint: &quot;GUICHET&quot;, created_at: &quot;2016-11-07 11:32:16&quot;, updated_at: &quot;2016-11-07 11:32:16&quot;, client_id: 21, representation_id: 28&gt;, #&lt;Ticket id: 54, ref: 1491920, command: nil, reservation: 838743, resaDate: &quot;0002-06-15&quot;, resaTime: nil, price: 27.0, accessDate: nil, accessTime: nil, tarif: &quot;Abonnement mouettes&quot;, kind: &quot;Abonnement&quot;, serie: &quot;1er Serie&quot;, floor: &quot;ORCHESTRE&quot;, sellPoint: &quot;GUICHET&quot;, created_at: &quot;2016-11-07 11:32:16&quot;, updated_at: &quot;2016-11-07 11:32:16&quot;, client_id: 21, representation_id: 28&gt;, #&lt;Ticket id: 55, ref: 1491921, command: nil, reservation: 838749, resaDate: &quot;0002-06-15&quot;, resaTime: nil, price: 27.0, accessDate: nil, accessTime: nil, tarif: &quot;Abonnement mouettes&quot;, kind: &quot;Abonnement&quot;, serie: &quot;1er Serie&quot;, floor: &quot;ORCHESTRE&quot;, sellPoint: &quot;GUICHET&quot;, created_at: &quot;2016-11-07 11:32:16&quot;, updated_at: &quot;2016-11-07 11:32:16&quot;, client_id: 21, representation_id: 29&gt;, #&lt;Ticket id: 56, ref: 1491922, command: nil, reservation: 838749, resaDate: &quot;0002-06-15&quot;, resaTime: nil, price: 27.0, accessDate: nil, accessTime: nil, tarif: &quot;Abonnement mouettes&quot;, kind: &quot;Abonnement&quot;, serie: &quot;1er Serie&quot;, floor: &quot;ORCHESTRE&quot;, sellPoint: &quot;GUICHET&quot;, created_at: &quot;2016-11-07 11:32:16&quot;, updated_at: &quot;2016-11-07 11:32:16&quot;, client_id: 21, representation_id: 29&gt;, #&lt;Ticket id: 57, ref: 1491923, command: nil, reservation: 838769, resaDate: &quot;0002-06-15&quot;, resaTime: nil, price: 27.0, accessDate: nil, accessTime: nil, tarif: &quot;Abonnement mouettes&quot;, kind: &quot;Abonnement&quot;, serie: &quot;1er Serie&quot;, floor: &quot;ORCHESTRE&quot;, sellPoint: &quot;GUICHET&quot;, created_at: &quot;2016-11-07 11:32:17&quot;, updated_at: &quot;2016-11-07 11:32:17&quot;, client_id: 21, representation_id: 30&gt;, #&lt;Ticket id: 58, ref: 1491924, command: nil, reservation: 838769, resaDate: &quot;0002-06-15&quot;, resaTime: nil, price: 27.0, accessDate: nil, accessTime: nil, tarif: &quot;Abonnement mouettes&quot;, kind: &quot;Abonnement&quot;, serie: &quot;1er Serie&quot;, floor: &quot;ORCHESTRE&quot;, sellPoint: &quot;GUICHET&quot;, created_at: &quot;2016-11-07 11:32:17&quot;, updated_at: &quot;2016-11-07 11:32:17&quot;, client_id: 21, representation_id: 30&gt;, #&lt;Ticket id: 59, ref: 1491925, command: nil, reservation: 838775, resaDate: &quot;0002-06-15&quot;, resaTime: nil, price: 27.0, accessDate: &quot;0001-10-15&quot;, accessTime: &quot;2000-01-01 19:50:42&quot;, tarif: &quot;Abonnement mouettes&quot;, kind: &quot;Abonnement&quot;, serie: &quot;1er Serie&quot;, floor: &quot;ORCHESTRE&quot;, sellPoint: &quot;GUICHET&quot;, created_at: &quot;2016-11-07 11:32:17&quot;, updated_at: &quot;2016-11-07 11:32:17&quot;, client_id: 22, representation_id: 24&gt;, #&lt;Ticket id: 60, ref: 1491926, command: nil, reservation: 838777, resaDate: &quot;0002-06-15&quot;, resaTime: nil, price: 27.0, accessDate: &quot;0026-11-15&quot;, accessTime: &quot;2000-01-01 19:37:27&quot;, tarif: &quot;Abonnement mouettes&quot;, kind: &quot;Abonnement&quot;, serie: &quot;1er Serie&quot;, floor: &quot;ORCHESTRE&quot;, sellPoint: &quot;GUICHET&quot;, created_at: &quot;2016-11-07 11:32:17&quot;, updated_at: &quot;2016-11-07 11:32:17&quot;, client_id: 22, representation_id: 25&gt;, #&lt;Ticket id: 61, ref: 1491927, command: nil, reservation: 838778, resaDate: &quot;0002-06-15&quot;, resaTime: nil, price: 27.0, accessDate: nil, accessTime: nil, tarif: &quot;Abonnement mouettes&quot;, kind: &quot;Abonnement&quot;, serie: &quot;1er Serie&quot;, floor: &quot;ORCHESTRE&quot;, sellPoint: &quot;GUICHET&quot;, created_at: &quot;2016-11-07 11:32:17&quot;, updated_at: &quot;2016-11-07 11:32:17&quot;, client_id: 22, representation_id: 18&gt;, #&lt;Ticket id: 62, ref: 1491928, command: nil, reservation: 838776, resaDate: &quot;0002-06-15&quot;, resaTime: nil, price: 27.0, accessDate: nil, accessTime: nil, tarif: &quot;Abonnement mouettes&quot;, kind: &quot;Abonnement&quot;, serie: &quot;1er Serie&quot;, floor: &quot;ORCHESTRE&quot;, sellPoint: &quot;GUICHET&quot;, created_at: &quot;2016-11-07 11:32:18&quot;, updated_at: &quot;2016-11-07 11:32:18&quot;, client_id: 22, representation_id: 26&gt;, #&lt;Ticket id: 63, ref: 1491929, command: nil, reservation: 838779, resaDate: &quot;0002-06-15&quot;, resaTime: nil, price: 15.0, accessDate: nil, accessTime: nil, tarif: &quot;Abonnement mouettes&quot;, kind: &quot;Abonnement&quot;, serie: &quot;Serie unique&quot;, floor: nil, sellPoint: &quot;GUICHET&quot;, created_at: &quot;2016-11-07 11:32:18&quot;, updated_at: &quot;2016-11-07 11:32:18&quot;, client_id: 22, representation_id: 27&gt;, #&lt;Ticket id: 64, ref: 1491930, command: nil, reservation: 838774, resaDate: &quot;0002-06-15&quot;, resaTime: nil, price: 27.0, accessDate: nil, accessTime: nil, tarif: &quot;Abonnement mouettes&quot;, kind: &quot;Abonnement&quot;, serie: &quot;1er Serie&quot;, floor: &quot;ORCHESTRE&quot;, sellPoint: &quot;GUICHET&quot;, created_at: &quot;2016-11-07 11:32:18&quot;, updated_at: &quot;2016-11-07 11:32:18&quot;, client_id: 22, representation_id: 28&gt;, #&lt;Ticket id: 65, ref: 1491931, command: nil, reservation: 838780, resaDate: &quot;0002-06-15&quot;, resaTime: nil, price: 27.0, accessDate: nil, accessTime: nil, tarif: &quot;Abonnement mouettes&quot;, kind: &quot;Abonnement&quot;, serie: &quot;1er Serie&quot;, floor: &quot;ORCHESTRE&quot;, sellPoint: &quot;GUICHET&quot;, created_at: &quot;2016-11-07 11:32:18&quot;, updated_at: &quot;2016-11-07 11:32:18&quot;, client_id: 22, representation_id: 29&gt;, #&lt;Ticket id: 66, ref: 1491932, command: nil, reservation: 838781, resaDate: &quot;0002-06-15&quot;, resaTime: nil, price: 27.0, accessDate: nil, accessTime: nil, tarif: &quot;Abonnement mouettes&quot;, kind: &quot;Abonnement&quot;, serie: &quot;1er Serie&quot;, floor: &quot;ORCHESTRE&quot;, sellPoint: &quot;GUICHET&quot;, created_at: &quot;2016-11-07 11:32:18&quot;, updated_at: &quot;2016-11-07 11:32:18&quot;, client_id: 22, representation_id: 30&gt;, #&lt;Ticket id: 67, ref: 1491933, command: nil, reservation: 838784, resaDate: &quot;0002-06-15&quot;, resaTime: nil, price: 27.0, accessDate: &quot;0001-10-15&quot;, accessTime: &quot;2000-01-01 19:50:42&quot;, tarif: &quot;Abonnement mouettes&quot;, kind: &quot;Abonnement&quot;, serie: &quot;1er Serie&quot;, floor: &quot;ORCHESTRE&quot;, sellPoint: &quot;GUICHET&quot;, created_at: &quot;2016-11-07 11:32:18&quot;, updated_at: &quot;2016-11-07 11:32:18&quot;, client_id: 22, representation_id: 24&gt;, #&lt;Ticket id: 68, ref: 1491934, command: nil, reservation: 838786, resaDate: &quot;0002-06-15&quot;, resaTime: nil, price: 27.0, accessDate: nil, accessTime: nil, tarif: &quot;Abonnement mouettes&quot;, kind: &quot;Abonnement&quot;, serie: &quot;1er Serie&quot;, floor: &quot;ORCHESTRE&quot;, sellPoint: &quot;GUICHET&quot;, created_at: &quot;2016-11-07 11:32:18&quot;, updated_at: &quot;2016-11-07 11:32:18&quot;, client_id: 22, representation_id: 25&gt;, #&lt;Ticket id: 69, ref: 1491935, command: nil, reservation: 838787, resaDate: &quot;0002-06-15&quot;, resaTime: nil, price: 27.0, accessDate: nil, accessTime: nil, tarif: &quot;Abonnement mouettes&quot;, kind: &quot;Abonnement&quot;, serie: &quot;1er Serie&quot;, floor: &quot;ORCHESTRE&quot;, sellPoint: &quot;GUICHET&quot;, created_at: &quot;2016-11-07 11:32:18&quot;, updated_at: &quot;2016-11-07 11:32:18&quot;, client_id: 22, representation_id: 18&gt;, #&lt;Ticket id: 70, ref: 1491936, command: nil, reservation: 838785, resaDate: &quot;0002-06-15&quot;, resaTime: nil, price: 27.0, accessDate: nil, accessTime: nil, tarif: &quot;Abonnement mouettes&quot;, kind: &quot;Abonnement&quot;, serie: &quot;1er Serie&quot;, floor: &quot;ORCHESTRE&quot;, sellPoint: &quot;GUICHET&quot;, created_at: &quot;2016-11-07 11:32:18&quot;, updated_at: &quot;2016-11-07 11:32:18&quot;, client_id: 22, representation_id: 26&gt;, #&lt;Ticket id: 71, ref: 1491937, command: nil, reservation: 838788, resaDate: &quot;0002-06-15&quot;, resaTime: nil, price: 15.0, accessDate: nil, accessTime: nil, tarif: &quot;Abonnement mouettes&quot;, kind: &quot;Abonnement&quot;, serie: &quot;Serie unique&quot;, floor: nil, sellPoint: &quot;GUICHET&quot;, created_at: &quot;2016-11-07 11:32:18&quot;, updated_at: &quot;2016-11-07 11:32:18&quot;, client_id: 22, representation_id: 27&gt;, #&lt;Ticket id: 72, ref: 1491938, command: nil, reservation: 838783, resaDate: &quot;0002-06-15&quot;, resaTime: nil, price: 27.0, accessDate: nil, accessTime: nil, tarif: &quot;Abonnement mouettes&quot;, kind: &quot;Abonnement&quot;, serie: &quot;1er Serie&quot;, floor: &quot;ORCHESTRE&quot;, sellPoint: &quot;GUICHET&quot;, created_at: &quot;2016-11-07 11:32:19&quot;, updated_at: &quot;2016-11-07 11:32:19&quot;, client_id: 22, representation_id: 28&gt;, #&lt;Ticket id: 73, ref: 1491939, command: nil, reservation: 838789, resaDate: &quot;0002-06-15&quot;, resaTime: nil, price: 27.0, accessDate: nil, accessTime: nil, tarif: &quot;Abonnement mouettes&quot;, kind: &quot;Abonnement&quot;, serie: &quot;1er Serie&quot;, floor: &quot;ORCHESTRE&quot;, sellPoint: &quot;GUICHET&quot;, created_at: &quot;2016-11-07 11:32:19&quot;, updated_at: &quot;2016-11-07 11:32:19&quot;, client_id: 22, representation_id: 29&gt;, #&lt;Ticket id: 74, ref: 1491940, command: nil, reservation: 838790, resaDate: &quot;0002-06-15&quot;, resaTime: nil, price: 27.0, accessDate: nil, accessTime: nil, tarif: &quot;Abonnement mouettes&quot;, kind: &quot;Abonnement&quot;, serie: &quot;1er Serie&quot;, floor: &quot;ORCHESTRE&quot;, sellPoint: &quot;GUICHET&quot;, created_at: &quot;2016-11-07 11:32:19&quot;, updated_at: &quot;2016-11-07 11:32:19&quot;, client_id: 22, representation_id: 30&gt;, #&lt;Ticket id: 75, ref: 1491941, command: 346848, reservation: 838795, resaDate: &quot;0002-06-15&quot;, resaTime: nil, price: 32.0, accessDate: nil, accessTime: nil, tarif: &quot;Proches abonn??s&quot;, kind: &quot;Place individuelle&quot;, serie: &quot;1er Serie&quot;, floor: &quot;ORCHESTRE&quot;, sellPoint: &quot;GUICHET&quot;, created_at: &quot;2016-11-07 11:32:19&quot;, updated_at: &quot;2016-11-07 11:32:19&quot;, client_id: 23, representation_id: 31&gt;, #&lt;Ticket id: 76, ref: 1491942, command: 346848, reservation: 838795, resaDate: &quot;0002-06-15&quot;, resaTime: nil, price: 32.0, accessDate: nil, accessTime: nil, tarif: &quot;Proches abonn??s&quot;, kind: &quot;Place individuelle&quot;, serie: &quot;1er Serie&quot;, floor: &quot;ORCHESTRE&quot;, sellPoint: &quot;GUICHET&quot;, created_at: &quot;2016-11-07 11:32:19&quot;, updated_at: &quot;2016-11-07 11:32:19&quot;, client_id: 23, representation_id: 31&gt;, #&lt;Ticket id: 77, ref: 1491943, command: nil, reservation: 838767, resaDate: &quot;0002-06-15&quot;, resaTime: nil, price: 27.0, accessDate: &quot;0001-12-15&quot;, accessTime: &quot;2000-01-01 19:52:36&quot;, tarif: &quot;Abonnement mouettes&quot;, kind: &quot;Abonnement&quot;, serie: &quot;1er Serie&quot;, floor: &quot;ORCHESTRE&quot;, sellPoint: &quot;GUICHET&quot;, created_at: &quot;2016-11-07 11:32:20&quot;, updated_at: &quot;2016-11-07 11:32:20&quot;, client_id: 23, representation_id: 32&gt;, #&lt;Ticket id: 78, ref: 1491944, command: nil, reservation: 838766, resaDate: &quot;0002-06-15&quot;, resaTime: nil, price: 27.0, accessDate: nil, accessTime: nil, tarif: &quot;Abonnement mouettes&quot;, kind: &quot;Abonnement&quot;, serie: &quot;1er Serie&quot;, floor: &quot;ORCHESTRE&quot;, sellPoint: &quot;GUICHET&quot;, created_at: &quot;2016-11-07 11:32:20&quot;, updated_at: &quot;2016-11-07 11:32:20&quot;, client_id: 23, representation_id: 26&gt;, #&lt;Ticket id: 79, ref: 1491945, command: nil, reservation: 838765, resaDate: &quot;0002-06-15&quot;, resaTime: nil, price: 27.0, accessDate: nil, accessTime: nil, tarif: &quot;Abonnement mouettes&quot;, kind: &quot;Abonnement&quot;, serie: &quot;1er Serie&quot;, floor: &quot;ORCHESTRE&quot;, sellPoint: &quot;GUICHET&quot;, created_at: &quot;2016-11-07 11:32:20&quot;, updated_at: &quot;2016-11-07 11:32:20&quot;, client_id: 23, representation_id: 33&gt;, #&lt;Ticket id: 80, ref: 1491946, command: nil, reservation: 838764, resaDate: &quot;0002-06-15&quot;, resaTime: nil, price: 27.0, accessDate: nil, accessTime: nil, tarif: &quot;Abonnement mouettes&quot;, kind: &quot;Abonnement&quot;, serie: &quot;1er Serie&quot;, floor: &quot;ORCHESTRE&quot;, sellPoint: &quot;GUICHET&quot;, created_at: &quot;2016-11-07 11:32:20&quot;, updated_at: &quot;2016-11-07 11:32:20&quot;, client_id: 23, representation_id: 34&gt;, #&lt;Ticket id: 81, ref: 1491947, command: nil, reservation: 838768, resaDate: &quot;0002-06-15&quot;, resaTime: nil, price: 27.0, accessDate: nil, accessTime: nil, tarif: &quot;Abonnement mouettes&quot;, kind: &quot;Abonnement&quot;, serie: &quot;1er Serie&quot;, floor: &quot;ORCHESTRE&quot;, sellPoint: &quot;GUICHET&quot;, created_at: &quot;2016-11-07 11:32:20&quot;, updated_at: &quot;2016-11-07 11:32:20&quot;, client_id: 23, representation_id: 35&gt;, #&lt;Ticket id: 82, ref: 1491948, command: nil, reservation: 838756, resaDate: &quot;0002-06-15&quot;, resaTime: nil, price: 27.0, accessDate: &quot;0001-12-15&quot;, accessTime: &quot;2000-01-01 19:52:36&quot;, tarif: &quot;Abonnement mouettes&quot;, kind: &quot;Abonnement&quot;, serie: &quot;1er Serie&quot;, floor: &quot;ORCHESTRE&quot;, sellPoint: &quot;GUICHET&quot;, created_at: &quot;2016-11-07 11:32:21&quot;, updated_at: &quot;2016-11-07 11:32:21&quot;, client_id: 23, representation_id: 32&gt;, #&lt;Ticket id: 83, ref: 1491949, command: nil, reservation: 838750, resaDate: &quot;0002-06-15&quot;, resaTime: nil, price: 27.0, accessDate: nil, accessTime: nil, tarif: &quot;Abonnement mouettes&quot;, kind: &quot;Abonnement&quot;, serie: &quot;1er Serie&quot;, floor: &quot;ORCHESTRE&quot;, sellPoint: &quot;GUICHET&quot;, created_at: &quot;2016-11-07 11:32:21&quot;, updated_at: &quot;2016-11-07 11:32:21&quot;, client_id: 23, representation_id: 26&gt;, #&lt;Ticket id: 84, ref: 1491950, command: nil, reservation: 838754, resaDate: &quot;0002-06-15&quot;, resaTime: nil, price: 27.0, accessDate: nil, accessTime: nil, tarif: &quot;Abonnement mouettes&quot;, kind: &quot;Abonnement&quot;, serie: &quot;1er Serie&quot;, floor: &quot;ORCHESTRE&quot;, sellPoint: &quot;GUICHET&quot;, created_at: &quot;2016-11-07 11:32:21&quot;, updated_at: &quot;2016-11-07 11:32:21&quot;, client_id: 23, representation_id: 33&gt;, #&lt;Ticket id: 85, ref: 1491951, command: nil, reservation: 838746, resaDate: &quot;0002-06-15&quot;, resaTime: nil, price: 27.0, accessDate: nil, accessTime: nil, tarif: &quot;Abonnement mouettes&quot;, kind: &quot;Abonnement&quot;, serie: &quot;1er Serie&quot;, floor: &quot;ORCHESTRE&quot;, sellPoint: &quot;GUICHET&quot;, created_at: &quot;2016-11-07 11:32:21&quot;, updated_at: &quot;2016-11-07 11:32:21&quot;, client_id: 23, representation_id: 34&gt;, #&lt;Ticket id: 86, ref: 1491952, command: nil, reservation: 838761, resaDate: &quot;0002-06-15&quot;, resaTime: nil, price: 27.0, accessDate: nil, accessTime: nil, tarif: &quot;Abonnement mouettes&quot;, kind: &quot;Abonnement&quot;, serie: &quot;1er Serie&quot;, floor: &quot;ORCHESTRE&quot;, sellPoint: &quot;GUICHET&quot;, created_at: &quot;2016-11-07 11:32:21&quot;, updated_at: &quot;2016-11-07 11:32:21&quot;, client_id: 23, representation_id: 35&gt;, #&lt;Ticket id: 87, ref: 1491953, command: nil, reservation: 838791, resaDate: &quot;0002-06-15&quot;, resaTime: nil, price: 27.0, accessDate: &quot;0009-10-15&quot;, accessTime: &quot;2000-01-01 19:49:52&quot;, tarif: &quot;Abonnement mouettes&quot;, kind: &quot;Abonnement&quot;, serie: &quot;1er Serie&quot;, floor: &quot;ORCHESTRE&quot;, sellPoint: &quot;GUICHET&quot;, created_at: &quot;2016-11-07 11:32:22&quot;, updated_at: &quot;2016-11-07 11:32:22&quot;, client_id: 24, representation_id: 36&gt;, #&lt;Ticket id: 88, ref: 1491954, command: nil, reservation: 838791, resaDate: &quot;0002-06-15&quot;, resaTime: nil, price: 27.0, accessDate: &quot;0009-10-15&quot;, accessTime: &quot;2000-01-01 19:49:52&quot;, tarif: &quot;Abonnement mouettes&quot;, kind: &quot;Abonnement&quot;, serie: &quot;1er Serie&quot;, floor: &quot;ORCHESTRE&quot;, sellPoint: &quot;GUICHET&quot;, created_at: &quot;2016-11-07 11:32:22&quot;, updated_at: &quot;2016-11-07 11:32:22&quot;, client_id: 24, representation_id: 36&gt;, #&lt;Ticket id: 89, ref: 1491955, command: nil, reservation: 838803, resaDate: &quot;0002-06-15&quot;, resaTime: nil, price: 27.0, accessDate: &quot;0007-11-15&quot;, accessTime: &quot;2000-01-01 19:44:37&quot;, tarif: &quot;Abonnement mouettes&quot;, kind: &quot;Abonnement&quot;, serie: &quot;1er Serie&quot;, floor: &quot;ORCHESTRE&quot;, sellPoint: &quot;GUICHET&quot;, created_at: &quot;2016-11-07 11:32:22&quot;, updated_at: &quot;2016-11-07 11:32:22&quot;, client_id: 24, representation_id: 37&gt;, #&lt;Ticket id: 90, ref: 1491956, command: nil, reservation: 838803, resaDate: &quot;0002-06-15&quot;, resaTime: nil, price: 27.0, accessDate: &quot;0007-11-15&quot;, accessTime: &quot;2000-01-01 19:44:37&quot;, tarif: &quot;Abonnement mouettes&quot;, kind: &quot;Abonnement&quot;, serie: &quot;1er Serie&quot;, floor: &quot;ORCHESTRE&quot;, sellPoint: &quot;GUICHET&quot;, created_at: &quot;2016-11-07 11:32:22&quot;, updated_at: &quot;2016-11-07 11:32:22&quot;, client_id: 24, representation_id: 37&gt;, #&lt;Ticket id: 91, ref: 1491957, command: nil, reservation: 838805, resaDate: &quot;0002-06-15&quot;, resaTime: nil, price: 27.0, accessDate: &quot;0013-11-15&quot;, accessTime: &quot;2000-01-01 19:47:01&quot;, tarif: &quot;Abonnement mouettes&quot;, kind: &quot;Abonnement&quot;, serie: &quot;1er Serie&quot;, floor: &quot;ORCHESTRE&quot;, sellPoint: &quot;GUICHET&quot;, created_at: &quot;2016-11-07 11:32:23&quot;, updated_at: &quot;2016-11-07 11:32:23&quot;, client_id: 24, representation_id: 38&gt;, #&lt;Ticket id: 92, ref: 1491958, command: nil, reservation: 838805, resaDate: &quot;0002-06-15&quot;, resaTime: nil, price: 27.0, accessDate: &quot;0013-11-15&quot;, accessTime: &quot;2000-01-01 19:47:01&quot;, tarif: &quot;Abonnement mouettes&quot;, kind: &quot;Abonnement&quot;, serie: &quot;1er Serie&quot;, floor: &quot;ORCHESTRE&quot;, sellPoint: &quot;GUICHET&quot;, created_at: &quot;2016-11-07 11:32:23&quot;, updated_at: &quot;2016-11-07 11:32:23&quot;, client_id: 24, representation_id: 38&gt;, #&lt;Ticket id: 93, ref: 1491959, command: nil, reservation: 838810, resaDate: &quot;0002-06-15&quot;, resaTime: nil, price: 27.0, accessDate: nil, accessTime: nil, tarif: &quot;Abonnement mouettes&quot;, kind: &quot;Abonnement&quot;, serie: &quot;1er Serie&quot;, floor: &quot;CORBEILLE&quot;, sellPoint: &quot;GUICHET&quot;, created_at: &quot;2016-11-07 11:32:23&quot;, updated_at: &quot;2016-11-07 11:32:23&quot;, client_id: 24, representation_id: 18&gt;, #&lt;Ticket id: 94, ref: 1491960, command: nil, reservation: 838810, resaDate: &quot;0002-06-15&quot;, resaTime: nil, price: 27.0, accessDate: nil, accessTime: nil, tarif: &quot;Abonnement mouettes&quot;, kind: &quot;Abonnement&quot;, serie: &quot;1er Serie&quot;, floor: &quot;CORBEILLE&quot;, sellPoint: &quot;GUICHET&quot;, created_at: &quot;2016-11-07 11:32:23&quot;, updated_at: &quot;2016-11-07 11:32:23&quot;, client_id: 24, representation_id: 18&gt;, #&lt;Ticket id: 95, ref: 1491961, command: nil, reservation: 838759, resaDate: &quot;0002-06-15&quot;, resaTime: nil, price: 27.0, accessDate: nil, accessTime: nil, tarif: &quot;Abonnement mouettes&quot;, kind: &quot;Abonnement&quot;, serie: &quot;1er Serie&quot;, floor: &quot;CORBEILLE&quot;, sellPoint: &quot;GUICHET&quot;, created_at: &quot;2016-11-07 11:32:23&quot;, updated_at: &quot;2016-11-07 11:32:23&quot;, client_id: 24, representation_id: 39&gt;, #&lt;Ticket id: 96, ref: 1491962, command: nil, reservation: 838759, resaDate: &quot;0002-06-15&quot;, resaTime: nil, price: 27.0, accessDate: nil, accessTime: nil, tarif: &quot;Abonnement mouettes&quot;, kind: &quot;Abonnement&quot;, serie: &quot;1er Serie&quot;, floor: &quot;CORBEILLE&quot;, sellPoint: &quot;GUICHET&quot;, created_at: &quot;2016-11-07 11:32:23&quot;, updated_at: &quot;2016-11-07 11:32:23&quot;, client_id: 24, representation_id: 39&gt;, #&lt;Ticket id: 97, ref: 1491963, command: nil, reservation: 838762, resaDate: &quot;0002-06-15&quot;, resaTime: nil, price: 27.0, accessDate: nil, accessTime: nil, tarif: &quot;Abonnement mouettes&quot;, kind: &quot;Abonnement&quot;, serie: &quot;1er Serie&quot;, floor: &quot;ORCHESTRE&quot;, sellPoint: &quot;GUICHET&quot;, created_at: &quot;2016-11-07 11:32:24&quot;, updated_at: &quot;2016-11-07 11:32:24&quot;, client_id: 24, representation_id: 40&gt;, #&lt;Ticket id: 98, ref: 1491964, command: nil, reservation: 838762, resaDate: &quot;0002-06-15&quot;, resaTime: nil, price: 27.0, accessDate: nil, accessTime: nil, tarif: &quot;Abonnement mouettes&quot;, kind: &quot;Abonnement&quot;, serie: &quot;1er Serie&quot;, floor: &quot;ORCHESTRE&quot;, sellPoint: &quot;GUICHET&quot;, created_at: &quot;2016-11-07 11:32:24&quot;, updated_at: &quot;2016-11-07 11:32:24&quot;, client_id: 24, representation_id: 40&gt;, #&lt;Ticket id: 99, ref: 1491965, command: nil, reservation: 838771, resaDate: &quot;0002-06-15&quot;, resaTime: nil, price: 27.0, accessDate: nil, accessTime: nil, tarif: &quot;Abonnement mouettes&quot;, kind: &quot;Abonnement&quot;, serie: &quot;1er Serie&quot;, floor: &quot;ORCHESTRE&quot;, sellPoint: &quot;GUICHET&quot;, created_at: &quot;2016-11-07 11:32:24&quot;, updated_at: &quot;2016-11-07 11:32:24&quot;, client_id: 24, representation_id: 21&gt;]
